,Price,Close,High,Low,Open,Volume,SMA_10,SMA_20,SMA_50,EMA_9,EMA_21,EMA_50,RSI_14,MACD,MACD_signal,MACD_hist,ATR_14,BB_upper,BB_middle,BB_lower,BB_width,OBV,Vol_Avg20,VWAP,Pivot,R1,S1,Price_Change_Pct,Liquidity_Raw,Liquidity_20MA
0,2025-10-31 13:30:00+00:00,273.0,277.32000732421875,272.3999938964844,276.989990234375,6514494,,,,,,,,,,,,,,,,6514494.0,,273.0,274.24000040690106,276.08000691731775,271.15999348958337,,32051397.95489502,
1,2025-10-31 13:35:00+00:00,270.0299987792969,273.3099975585937,269.1600036621094,272.9750061035156,2427076,,,,,,,,,,,,,,,,4087418.0,,272.1938307609582,270.8333333333333,272.50666300455725,268.35666910807294,-1.0879125350560903,10072350.586303573,
2,2025-10-31 13:40:00+00:00,270.7049865722656,271.0799865722656,269.17999267578125,270.03289794921875,1557009,,,,,,,,,,,,,,,,5644427.0,,271.97302527848365,270.3216552734375,271.46331787109375,269.5633239746094,0.2499677058179106,2958307.5967712402,
3,2025-10-31 13:45:00+00:00,271.989990234375,272.0599060058594,269.7699890136719,270.7200012207031,1369451,,,,,,,,,,,,,,,,7013878.0,,271.97498286334064,271.27329508463544,272.776601155599,270.4866841634115,0.47468784316846424,3135929.114868164,
4,2025-10-31 13:50:00+00:00,271.2799987792969,272.0599975585937,270.79998779296875,272.0201110839844,896034,,,,,,,,,,,,,,,,6117844.0,,271.9261951599288,271.37999471028644,271.96000162760413,270.6999918619792,-0.2610358765285148,1129011.5903319803,
5,2025-10-31 13:55:00+00:00,270.43701171875,271.32000732421875,270.07000732421875,271.29998779296875,662189,,,,,,,,,,,,,,,,5455655.0,,271.8527479447057,270.6090087890625,271.14801025390625,269.89801025390625,-0.31074427320116893,827736.25,
6,2025-10-31 14:00:00+00:00,269.9049987792969,270.5799865722656,269.7900085449219,270.4349975585937,687014,,,,,,,,,,,,,,,,4768641.0,,271.75793425308314,270.09166463216144,270.393320719401,269.60334269205725,-0.1967234203898105,542725.9644775391,
7,2025-10-31 14:05:00+00:00,270.2636108398437,270.7099914550781,269.8599853515625,269.9049987792969,580125,,,,,,,,,,,,,,,,5348766.0,,271.69893532553084,270.2778625488281,270.69573974609375,269.8457336425781,0.1328660314439123,493109.79080200195,
8,2025-10-31 14:10:00+00:00,269.35009765625,270.2799987792969,269.29998779296875,270.260009765625,922987,,,,270.7734103732639,,,,,,,,,,,,4425779.0,,271.56011014500365,269.6433614095052,269.98673502604163,269.0067240397135,-0.3380082064155632,904537.4002380371,
9,2025-10-31 14:15:00+00:00,269.9700012207031,270.27899169921875,269.1600036621094,269.4100036621094,611971,270.6930694580078,,,270.61272854275177,,,,,,,,,,,,5037750.0,,271.50014714516,269.80299886067706,270.44599405924475,269.3270060221354,0.23014788925164176,684788.2280578613,
10,2025-10-31 14:20:00+00:00,270.4444885253906,270.639892578125,269.6700134277344,270.0299987792969,599084,270.43751831054686,,,270.5790805392795,,,,,,,,,,,,5636834.0,,271.462563982536,270.25146484375,270.8329162597656,269.863037109375,0.17575556637479117,581039.0809326172,
11,2025-10-31 14:25:00+00:00,270.3800048828125,270.6099853515625,270.2699890136719,270.4599914550781,400744,270.47251892089844,,,270.53926540798614,,,,,,,,,,,,5236090.0,,271.4373826160642,270.4199930826823,270.56999715169275,270.2300008138021,-0.023843578003646115,136251.49243164062,
12,2025-10-31 14:30:00+00:00,270.57000732421875,270.7900085449219,270.10009765625,270.42999267578125,434915,270.4590209960937,,,270.54541379123265,,,,,,,,,,,,5671005.0,,271.4160253982172,270.48670450846356,270.8733113606771,270.18340047200525,0.07027237146792764,300052.5941467285,
13,2025-10-31 14:35:00+00:00,271.0823059082031,271.2300109863281,270.3500061035156,270.5799865722656,506258,270.3682525634766,,,270.65279221462674,,,,,,,,,,,,6177263.0,,271.40672687337855,270.88744099934894,271.42487589518225,270.54487101236975,0.18934049233716443,445509.5119628906,
14,2025-10-31 14:40:00+00:00,270.7130126953125,271.5599060058594,270.5199890136719,271.1050109863281,623853,270.3115539550781,,,270.6648363107639,,,39.12778551532021,,,,1.3220432826450812,,,,,5553410.0,,271.3836985663837,270.93096923828125,271.3419494628906,270.3020324707031,-0.13622918384635918,648755.3353271484,
15,2025-10-31 14:45:00+00:00,270.7900085449219,271.0,270.5801086425781,270.7099914550781,378357,270.3468536376953,,,270.6898707575955,,,39.60393671597516,,,,1.2576038594148522,,,,,5931767.0,,271.37198190046115,270.7900390625,270.9999694824219,270.580078125,0.028441872388329514,158868.83432006836,
16,2025-10-31 14:50:00+00:00,270.5,270.93951416015625,270.4200134277344,270.7900085449219,327768,270.40635375976564,,,270.6518966060764,,,38.3859943446095,,,,1.2048822074867824,,,,,5603999.0,,271.35732458771207,270.6198425292969,270.8196716308594,270.3001708984375,-0.10709721029967811,170275.71606445312,
17,2025-10-31 14:55:00+00:00,270.5899963378906,270.79998779296875,270.2799987792969,270.5249938964844,319863,270.4389923095703,,,270.6395165524392,,,39.01278985260843,,,,1.1559612650714317,,,,,5923862.0,,271.3449406360367,270.55666097005206,270.83332316080725,270.3133341471354,0.03327036520910376,166325.24588012695,
18,2025-10-31 15:00:00+00:00,270.9100036621094,271.04998779296875,270.3999938964844,270.625,330463,270.59498291015626,,,270.69361397437325,,,41.299484172993964,,,,1.1198207387437848,,,,,6254325.0,,271.3378074827785,270.7866617838542,271.173329671224,270.5233357747396,0.11826280666309419,214798.93301391602,
19,2025-10-31 15:05:00+00:00,271.1369934082031,271.17999267578125,270.4800109863281,270.9200134277344,389901,270.71168212890626,270.702375793457,,270.78228986113925,,,42.93395847986616,,,,1.0898322352230234,272.22633262862064,270.702375793457,269.1784189582934,1.1241231349565628,6644226.0,1026977.8,271.33399544280593,270.9323323567708,271.3846537272135,270.6846720377604,0.0837878790097557,272923.5606994629,2794734.7390762237
20,2025-10-31 15:10:00+00:00,270.9403076171875,271.2200012207031,270.6499938964844,271.125,320451,270.7612640380859,270.5993911743164,,270.8138934123489,270.71370588030135,,41.84666090026373,,,,1.052701884437004,271.71093425488294,270.5993911743164,269.48784809374985,0.8205077275818639,6323775.0,717275.65,271.32794761849755,270.936767578125,271.2235412597656,270.6535339355469,-0.07254111235183158,182659.41705322266,1201297.8121841336
21,2025-10-31 15:15:00+00:00,271.260009765625,271.3500061035156,270.8699951171875,270.92498779296875,296761,270.84926452636716,270.6608917236328,,270.9031166830041,270.7633698698762,,44.315207589420666,,,,1.0117953917149412,271.7757193311298,270.6608917236328,269.5460641161358,0.8219623736356969,6620536.0,610759.9,271.32699467024213,271.1600036621094,271.45001220703125,270.9700012207031,0.11799726340062655,142448.5403137207,704802.709884641
22,2025-10-31 15:20:00+00:00,271.3432006835937,271.3800048828125,270.7427978515625,271.29998779296875,328496,270.9265838623047,270.6928024291992,,270.99113348312204,270.81608176203235,,44.96981766584995,,,,0.9850390802531596,271.8467034882707,270.6928024291992,269.53890137012775,0.8505103913895427,6949032.0,549334.25,271.3272424498627,271.15533447265625,271.56787109375,270.9306640625,0.030668331111760594,209319.9609375,567353.328092954
23,2025-10-31 15:25:00+00:00,271.29998779296875,271.5199890136719,271.1499938964844,271.3699951171875,337980,270.94835205078124,270.6583023071289,,271.0529043450914,270.8600732193902,,44.67602382948326,,,,0.9411073686056124,271.6897683478935,270.6583023071289,269.6268362663643,0.7603878268890444,6611052.0,497760.7,271.32682035272,271.3233235677083,271.49665323893225,271.12665812174475,-0.01592554761500331,125050.94970703125,416809.41983489733
24,2025-10-31 15:30:00+00:00,271.1499938964844,271.364990234375,270.8739929199219,271.2998962402344,350952,270.99205017089844,270.6518020629883,,271.07232225537,270.8864296445806,,43.61099227766034,,,,0.9089566504518632,271.6690552289516,270.6518020629883,269.63454889702496,0.7503250517141276,6260100.0,470506.6,271.3240217124235,271.12965901692706,271.38532511393225,270.89432779947913,-0.05528710034400364,172316.48950195312,368974.664793396
25,2025-10-31 15:35:00+00:00,270.3999938964844,271.1455078125,270.2200012207031,271.1400146484375,372240,270.9530487060547,270.649951171875,,270.93785658359286,270.8422082129355,,38.64958221203669,,,,0.9104592236896766,271.6688941499702,270.649951171875,269.6310081937798,0.7536560658986352,5887860.0,456009.15,271.30876608114744,270.5885009765625,270.9570007324219,270.031494140625,-0.27659967430658794,344510.57373046875,344813.38097991946
26,2025-10-31 15:40:00+00:00,271.0199890136719,271.07000732421875,270.28009033203125,270.4100036621094,347321,271.0050476074219,270.70570068359376,,270.95428306960866,270.8583701039115,,44.29168350266907,,,,0.901849064296664,271.67637444329773,270.70570068359376,269.7350269238898,0.7163115630227584,6235181.0,439024.5,271.3043850466212,270.79002888997394,271.29996744791663,270.51005045572913,0.22928814023008837,274354.7596435547,331394.82073822024
27,2025-10-31 15:45:00+00:00,270.6849975585937,271.25,270.5899963378906,271.0199890136719,342841,271.01454772949216,270.7267700195313,,270.9004259674057,270.84260896342806,,42.04192407184017,,,,0.8845743927118577,271.676206124809,270.7267700195313,269.7773339142535,0.7015062628819949,5892340.0,427160.3,271.29524638416365,270.84166463216144,271.09333292643225,270.4333292643229,-0.1236039660016619,226276.31552124023,318053.1469741821
28,2025-10-31 15:50:00+00:00,271.0400085449219,271.1499938964844,270.6000061035156,270.7099914550781,294946,271.0275482177734,270.81126556396487,,270.92834248290893,270.8605543799275,,45.217679608532066,,,,0.8606753498730643,271.5278192922238,270.81126556396487,270.09471183570594,0.5287438796255565,6187286.0,395758.25,271.2920472154337,270.9300028483073,271.259999593099,270.71001180013025,0.13115281213593732,162216.69958496094,280937.11194152833
29,2025-10-31 15:55:00+00:00,271.4599914550781,271.5400085449219,270.92999267578125,271.0249938964844,282641,271.0598480224609,270.8857650756836,,271.0346722773428,270.9150486594867,,48.7923996715736,,,,0.8427711012493185,271.5444550284005,270.8857650756836,270.2270751229667,0.48529431477999996,6469927.0,379291.75,271.2940404781818,271.30999755859375,271.69000244140625,271.0799865722656,0.15495236751612573,172415.4952697754,255318.47530212402
30,2025-10-31 16:00:00+00:00,271.1448059082031,271.5,270.739990234375,271.44000244140625,336164,271.0802978515625,270.92078094482423,,271.05669900351484,270.93593568209724,,46.34810823706078,,,,0.8368595772761529,271.5559529225284,270.92078094482423,270.2856089671201,0.4685112632540607,6133763.0,366145.75,271.2919631877053,271.1282653808594,271.51654052734375,270.75653076171875,-0.11610755057699373,255487.9228515625,239040.9173980713
31,2025-10-31 16:05:00+00:00,271.1300048828125,271.760009765625,271.1059875488281,271.1499938964844,332377,271.0672973632812,270.9582809448242,,271.0713601793744,270.9535783367077,,46.230984709338365,,,,0.8237997658133474,271.54826876055483,270.9582809448242,270.36829312909356,0.4352065836355083,5801386.0,362727.4,271.28976444498744,271.3320007324219,271.5580139160156,270.90399169921875,-0.005458716179740364,217381.94235229492,243097.439894104
32,2025-10-31 16:10:00+00:00,271.5205078125,271.6000061035156,271.0,271.1499938964844,246119,271.08502807617185,271.0058059692383,,271.1611897059995,271.0051173799616,,49.8330146037549,,,,0.8078145042206529,271.6158220674821,271.0058059692383,270.39578987099446,0.44933335103002114,6047505.0,353287.6,271.2920609665948,271.3735046386719,271.74700927734375,271.1470031738281,0.1440279285416235,147672.9021911621,235478.45529632567
33,2025-10-31 16:15:00+00:00,271.4800109863281,272.0599975585937,271.4100036621094,271.5307922363281,575227,271.1030303955078,271.0256912231445,,271.22495396206523,271.0482895259949,,49.462950785120015,0.18463748132739966,0.13861426879250555,0.04602321253489411,0.7965416036680576,271.6693849223342,271.0256912231445,270.38199752395485,0.47421075080336983,5472278.0,356736.05,271.2963335566349,271.65000406901044,271.8900044759115,271.2400105794272,-0.014914831479262425,373894.03909298487,231897.6816528304
34,2025-10-31 16:20:00+00:00,272.42999267578125,272.4700012207031,271.42010498046875,271.4757995605469,404851,271.2310302734375,271.11154022216795,,271.4659617048084,271.1738989032482,,57.446154444711375,0.27144307370735987,0.1651800297754764,0.10626304393188346,0.8146383634227945,271.9831595871981,271.11154022216795,270.2399208571378,0.6398850262184279,5877129.0,345785.95,271.3141858419308,272.10669962565106,272.79329427083337,271.743398030599,0.34992693789930307,425051.54275512695,220712.49202422932
35,2025-10-31 16:25:00+00:00,272.4349975585937,272.8584899902344,272.3323059082031,272.4100036621094,415563,271.4345306396484,271.19378967285155,,271.6597688755655,271.2885442355523,,57.484259310798045,0.3367590347569944,0.19949583077178001,0.1372632039852144,0.7940344861805413,272.2244650675577,271.19378967285155,270.16311427814543,0.7566394948831424,6292692.0,347646.25,271.33201462828134,272.54193115234375,272.7515563964844,272.2253723144531,0.001837126214798701,218662.63568115234,223702.18209228353
36,2025-10-31 16:30:00+00:00,272.760009765625,272.9800109863281,272.17999267578125,272.42999267578125,501641,271.60853271484376,271.3067901611328,,271.87981705357737,271.4223138291953,,59.989807232558064,0.41002169842226976,0.24160100430187798,0.1684206941203918,0.794461902206708,272.49235145504207,271.3067901611328,270.1212288672236,0.8693072675338035,6794333.0,356339.9,271.3589183123467,272.64000447591144,273.10001627604163,272.29999796549475,0.11929899239961905,401321.9853210449,235254.49555511313
37,2025-10-31 16:35:00+00:00,273.0400085449219,273.1430053710937,272.6499938964844,272.7300109863281,361191,271.8440338134766,271.4292907714844,,272.11185535184626,271.56937698517044,,62.06398430283959,0.48508469424723444,0.2902977422909493,0.19478695195628515,0.7729297288068944,272.78707591635845,271.4292907714844,270.0715056266103,0.9945686363767324,7155524.0,358406.3,271.3814175715244,272.9443359375,273.2386779785156,272.7456665039063,0.10265389693213667,178071.30752561425,235841.7986373875
38,2025-10-31 16:40:00+00:00,272.6300048828125,273.1700134277344,272.3900146484375,273.0450134277344,470387,272.00303344726564,271.51529083251955,,272.2154852580395,271.6657977031379,,57.37364852287114,0.5056598581668936,0.3333701654661382,0.17228969270075545,0.7734346609847501,272.946516710101,271.51529083251955,270.0840649549381,1.0499401033988354,6685137.0,365402.5,271.4028075325425,272.7300109863281,273.07000732421875,272.2900085449219,-0.15016248508573637,366901.28579711914,243446.91627654765
39,2025-10-31 16:45:00+00:00,272.68951416015625,272.79998779296875,272.3599853515625,272.6400146484375,274709,272.12598571777346,271.59291687011716,,272.3102910384629,271.75886283559413,,57.8712984902377,0.5207646741522467,0.37084906720335986,0.14991560694888684,0.7496180738720001,273.10004745579056,271.59291687011716,270.08578628444377,1.1053821341940013,6959846.0,359642.9,271.4155532636197,272.6164957682292,272.87300618489587,272.4330037434896,0.021827853236233707,120872.63067626953,235844.36977538798
40,2025-10-31 16:50:00+00:00,272.17999267578125,272.6700134277344,272.0,272.6499938964844,263434,272.22950439453126,271.6549011230469,,272.28423136592653,271.7971473665202,,52.24698452499633,0.4860187030322436,0.3938829943691366,0.092135708663107,0.745324937178018,273.15150602904293,271.6549011230469,270.15829621705086,1.0997170594965673,6696412.0,356792.05,271.42274644927005,272.28333536783856,272.5666707356771,271.89665730794275,-0.18685041335170238,176504.31732177734,235536.6147888157
41,2025-10-31 16:55:00+00:00,271.6199951171875,272.32000732421875,271.4800109863281,272.17999267578125,286499,272.27850341796875,271.672900390625,,272.15138411617875,271.78104261658086,,46.856982118798975,0.40858523149159964,0.3968234417936292,0.011761789697970426,0.7520871800860613,273.1586951944993,271.672900390625,270.1871055867507,1.0940246157012519,6409913.0,356278.95,271.4247445700805,271.8066711425781,272.1333312988281,271.2933349609375,-0.2057453059236436,240658.11080932617,240447.09331359598
42,2025-10-31 17:00:00+00:00,271.2300109863281,271.7900085449219,271.0400085449219,271.6400146484375,391707,272.24945373535155,271.66724090576173,,271.9671094902086,271.7309488320124,,43.49200120307052,0.3121518945579851,0.3798891323465004,-0.06773723778851531,0.7519380957941999,273.15886683260584,271.66724090576173,270.1756149789176,1.0998974054676394,6018206.0,359439.5,271.42208437742374,271.3533426920573,271.66667683919275,270.91667683919275,-0.1435771069398295,293780.25,244670.107766721
43,2025-10-31 17:05:00+00:00,271.30108642578125,271.4555053710937,271.0299987792969,271.2300109863281,300629,272.2315612792969,271.6672958374023,,271.8339048773231,271.6918704314459,,44.27741200884005,0.23871125942895333,0.351653557762991,-0.11294229833403768,0.7286215597943869,273.1588677412853,271.6672958374023,270.17572393351935,1.0995694293255358,6318835.0,357571.95,271.4208289540873,271.26219685872394,271.494394938151,271.0688883463542,0.02620485808140227,127919.62118528565,244813.5413406337
44,2025-10-31 17:10:00+00:00,271.1499938964844,271.39990234375,270.92999267578125,271.32501220703125,327116,272.1035614013672,271.6672958374023,,271.69712268115535,271.6426089282676,,42.9119692125979,0.16639897874944154,0.3146026419602811,-0.14820366321083955,0.7101421389496986,273.1588677412853,271.6672958374023,270.17572393351935,1.1001821408503523,5991719.0,356380.15,271.4178054373161,271.1599629720052,271.38993326822913,270.9200236002604,-0.05569182611371293,153714.97094726562,243883.46541289933
45,2025-10-31 17:15:00+00:00,271.0450134277344,271.3900146484375,270.9100036621094,271.1600036621094,240392,271.9645629882813,271.69954681396484,,271.5667008304712,271.58828206458276,,41.944109396822135,0.0994732630033468,0.27157676616889426,-0.17210350316554746,0.693704199476729,273.10555623073594,271.69954681396484,270.29353739719375,1.0374730005102761,5751327.0,349787.75,271.4147719379806,271.11501057942706,271.32001749674475,270.84000651041663,-0.03871675128640506,115390.80102539062,232427.47677764544
46,2025-10-31 17:20:00+00:00,270.5599975585937,271.1099853515625,270.2799987792969,271.0299987792969,327707,271.74456176757815,271.6765472412109,,271.3653601760957,271.49480165494737,,37.71209796765042,0.007214262381978642,0.21870426541151114,-0.2114900030295325,0.7034386546759359,273.1401391580435,271.6765472412109,270.21295532437836,1.081898233322986,5423620.0,348807.05,271.40539408380965,270.6499938964844,271.0199890136719,270.19000244140625,-0.17894292280348223,271992.4096374512,232309.35927734026
47,2025-10-31 17:25:00+00:00,270.3487854003906,270.7550048828125,270.1499938964844,270.5849914550781,260115,271.475439453125,271.6597366333008,,271.16204522095467,271.3906183590786,,36.0082699349059,-0.0819994773619328,0.15856351685682235,-0.24056299421875516,0.6964081069368065,273.17529826498014,271.6597366333008,270.1441750016214,1.1211898950718728,5163505.0,344670.75,271.39627228994624,270.4179280598958,270.68586222330725,270.08085123697913,-0.07806481375995933,157372.43270874023,228864.16513671525
48,2025-10-31 17:30:00+00:00,270.385009765625,270.84100341796875,270.1099853515625,270.3299865722656,303613,271.2509399414063,271.6269866943359,,271.00663812988876,271.29919939603735,,36.53784367729486,-0.14807212207290377,0.09723638907087712,-0.24530851114378088,0.6988802468989096,273.22097852685636,271.6269866943359,270.0329948618155,1.1790534052920565,5467118.0,345104.1,271.386183697519,270.44533284505206,270.78068033854163,270.0496622721354,0.013399122611446046,221946.58819580078,231850.65956725724
49,2025-10-31 17:35:00+00:00,270.6400146484375,270.739990234375,270.260009765625,270.3868103027344,210155,271.0459899902344,271.5859878540039,271.12731506347654,270.9333134335985,271.2392735098919,271.12731506347654,40.28432306276415,-0.17780873770959715,0.04222736371478226,-0.2200361014243794,0.6832445484597017,273.2362398421412,271.5859878540039,269.93573586586666,1.2195181043578796,5677273.0,341479.8,271.3810664714003,270.5466715494792,270.83333333333337,270.35335286458337,0.09431176788741169,100870.29541015625,228273.3995742763
50,2025-10-31 17:40:00+00:00,271.04998779296875,271.04998779296875,270.5899963378906,270.67999267578125,196272,270.9329895019531,271.5812469482422,271.08831481933595,270.9566483054726,271.22206571744437,271.12428262149587,45.821947616086725,-0.1663759351522458,0.0005067039413766475,-0.16688263909362244,0.6672978989324463,273.2370768401194,271.5812469482422,269.925417056365,1.2217893130044681,5873545.0,334485.2,271.3789594233231,270.8966573079427,271.20331827799475,270.74332682291663,0.15148282675929714,90283.44287109375,220013.17557525286
51,2025-10-31 17:45:00+00:00,271.2200012207031,271.4599914550781,270.989990234375,271.0299987792969,168680,270.8929901123047,271.5857467651367,271.11211486816404,271.0093188885187,271.22187803592243,271.128036292053,47.976453101369636,-0.14196026443880783,-0.027986689734660248,-0.11397357470414758,0.6532052790589233,273.2371302615643,271.5857467651367,269.93436326870915,1.2177446272362267,6042225.0,326300.35,271.3780947291862,271.22332763671875,271.4566650390625,270.9866638183594,0.0627240123191708,79279.80590820312,213108.06875304825
52,2025-10-31 17:50:00+00:00,271.4049987792969,271.5899963378906,271.19000244140625,271.239990234375,168124,270.9104888916016,271.57997131347656,271.12611511230466,271.08845486667434,271.2385253762292,271.1388975660626,50.29283756895702,-0.10645575690432452,-0.04368050316859311,-0.06277525373573141,0.6351187517321699,273.23303415910425,271.57997131347656,269.9269084678489,1.218152099675907,6210349.0,322400.6,271.3782398116915,271.39499918619794,271.5999959309896,271.20000203450525,0.06820940851011148,67248.57385253906,209086.85233611712
53,2025-10-31 17:55:00+00:00,271.3699951171875,271.50469970703125,271.2300109863281,271.4049987792969,170359,270.91737976074216,271.57447052001953,271.11371520996096,271.144762916777,271.25047717086176,271.1479602151263,49.84064181393638,-0.08021797895406735,-0.050987998325687955,-0.029229980628379393,0.6093737495158095,273.2295582288377,271.57447052001953,269.9193828112014,1.21980155403947,6039990.0,302157.2,271.3781950052273,271.3682352701823,271.5064595540365,271.23177083333337,-0.012897206118833715,46795.69577026367,192731.93516998104
54,2025-10-31 18:00:00+00:00,271.7900085449219,272.0599060058594,271.3599853515625,271.3599853515625,204444,270.98138122558595,271.54247131347654,271.12391540527346,271.27381204240595,271.2995254775945,271.17313858100067,55.06183811039429,-0.025241805652910898,-0.04583875979113254,0.020596954138221643,0.6158413855716,273.15434203511035,271.54247131347654,269.93060059184273,1.1861147731392003,6244434.0,292136.85,271.38086341656634,271.73663330078125,272.11328125,271.4133605957031,0.15477519080655533,143094.5782470703,178634.08694457822
55,2025-10-31 18:05:00+00:00,271.5,271.79998779296875,271.3900146484375,271.7799987792969,185958,271.0268798828125,271.4957214355469,271.1451751708984,271.31904963392475,271.31775043417684,271.1859566758634,51.10613751727902,-0.005016234078595971,-0.03767425464862523,0.032658020570029256,0.601136511211575,273.0547035270638,271.4957214355469,269.93673934403,1.1484214302150246,6058476.0,280656.6,271.3815614651969,271.56333414713544,271.73665364583337,271.3266805013021,-0.10670316634319166,76237.78601074219,171512.8444610577
56,2025-10-31 18:10:00+00:00,271.42999267578125,271.6000061035156,271.3699951171875,271.5299987792969,132194,271.11387939453124,271.42922058105466,271.1756750488281,271.3412382422961,271.3279542743227,271.19552671507586,50.16916479854944,0.005302546665404861,-0.02907889438581921,0.03438144105122407,0.5746275451484715,272.87625712683257,271.42922058105466,269.98218403527676,1.0662318718081882,5926282.0,262184.25,271.38176235484923,271.46666463216144,271.5633341471354,271.33332316080725,-0.025785386452581438,30406.072326660156,152967.04881133846
57,2025-10-31 18:15:00+00:00,271.489990234375,271.5,271.2204895019531,271.3999938964844,189111,271.2279998779297,271.35171966552736,271.20020263671876,271.37098864071186,271.3426848161456,271.207074304068,50.9983271538501,0.018112763641340734,-0.01964056278038722,0.037753326421727955,0.553547756069786,272.59739226071025,271.35171966552736,270.10604707034446,0.9176563703932636,6115393.0,253580.25,271.382400775626,271.4034932454427,271.58649698893225,271.3069864908854,0.02210424795074939,52858.50979614258,146706.4089248649
58,2025-10-31 18:20:00+00:00,271.6499938964844,271.8500061035156,271.44000244140625,271.44000244140625,194541,271.3544982910156,271.30271911621094,271.24620056152344,271.42678969186636,271.3706220052673,271.224443699849,53.23323572220233,0.040706670059819317,-0.007571116212345913,0.04827778627216523,0.5432946065011852,272.4131635691623,271.30271911621094,270.1922746632596,0.8175552938716462,6309934.0,239787.95,271.3840147986446,271.64666748046875,271.85333251953125,271.4433288574219,0.058935381732205805,79762.52243041992,132349.47075652992
59,2025-10-31 18:25:00+00:00,271.8099975585937,271.8299865722656,271.5,271.6700134277344,273209,271.47149658203125,271.2587432861328,271.28300048828123,271.5034312652118,271.4105652373879,271.24740659627037,55.422745333569424,0.07070837981450495,0.00808478299302426,0.06262359682148069,0.5280583183415023,272.20329480585275,271.2587432861328,270.3141917664129,0.6950086664978696,6583143.0,239712.95,271.3875928566853,271.7133280436198,271.9266560872396,271.596669514974,0.058900668398420564,90155.30142211914,130813.6042938224
60,2025-10-31 18:30:00+00:00,271.9800109863281,272.1199951171875,271.6600036621094,271.7900085449219,213205,271.5644989013672,271.24874420166014,271.3137109375,271.5987472094351,271.46233303274613,271.2761361801942,57.689456189581044,0.10697052408761465,0.027861931211942338,0.07910859287567232,0.5231963995369754,272.15763527223174,271.24874420166014,270.33985313108855,0.6683513742613144,6796348.0,237201.5,271.3914507362818,271.9200032552083,272.18000284830725,271.72001139322913,0.06254862928571914,98072.47817993164,126892.01233673011
61,2025-10-31 18:35:00+00:00,271.93389892578125,272.0599975585937,271.8299865722656,271.9800109863281,150954,271.635888671875,271.26443939208986,271.34478881835935,271.6657775527043,271.5052026593857,271.3019307976682,56.84516486698155,0.13048354369851722,0.04838625370925732,0.08209728998925991,0.5022545843077677,272.2085895776388,271.26443939208986,270.3202892065409,0.6943968289930896,6645394.0,230424.25,271.39394032742376,271.94129435221356,272.0526021321615,271.8225911458334,-0.016954209384600905,34721.0784301672,116595.16071777216
62,2025-10-31 18:40:00+00:00,271.8555908203125,272.0299987792969,271.7099914550781,271.9800109863281,155873,271.6809478759766,271.29571838378905,271.37050048828127,271.7037402062259,271.5370561285609,271.32364295541896,55.36334612828533,0.14117163277279587,0.06694332952196502,0.07422830325083085,0.4892369228728378,272.2740644425877,271.29571838378905,270.3173723249904,0.7197542311684911,6489521.0,218632.55,271.39611781674614,271.8651936848958,272.0203959147135,271.70038859049475,-0.02879674280333866,49880.50164794922,104400.17330016961
63,2025-10-31 18:45:00+00:00,271.6874084472656,271.92498779296875,271.5299987792969,271.8550109863281,190101,271.7126892089844,271.3150344848633,271.3826025390625,271.7004738544339,271.5507245211704,271.3379082688247,52.215185934673016,0.13452044051933854,0.08045875172143972,0.05406168879789881,0.4825049293584834,272.30818453481027,271.3150344848633,270.32188443491634,0.7310975916204316,6299420.0,213106.15,271.39778388057164,271.71413167317706,271.89826456705725,271.5032755533854,-0.06186459970876079,75087.80648803711,101758.58256530718
64,2025-10-31 18:50:00+00:00,271.2699890136719,271.79998779296875,271.2699890136719,271.7049865722656,207163,271.6606872558594,271.32103424072267,271.3937420654297,271.6143768862815,271.52520311139784,271.33524476862266,45.32612596071712,0.09447797962928917,0.08326259730300961,0.011215382326279555,0.4858973472112256,272.3115700417627,271.32103424072267,270.33049843968263,0.7302951606564312,6092257.0,207108.5,271.39699227691926,271.4466552734375,271.6233215332031,271.09332275390625,-0.15363959484886447,109796.13711547852,99562.64087371783
65,2025-10-31 18:55:00+00:00,271.6700134277344,271.79998779296875,271.2699890136719,271.32000732421875,287671,271.6776885986328,271.35228424072267,271.4113421630859,271.62550419457204,271.53836768561024,271.3483729513329,51.87852826891989,0.09393978854797069,0.08539803555200183,0.008541752995968863,0.48904744950305773,272.3454482351784,271.35228424072267,270.3591202462669,0.7311546695380444,6379928.0,209472.45,271.3993206625974,271.5799967447917,271.8900044759115,271.3600056966146,0.1474635714466599,152465.27883911133,101416.36476440387
66,2025-10-31 19:00:00+00:00,271.5390014648437,271.84991455078125,271.3930969238281,271.70001220703125,212769,271.68858947753904,271.40123443603517,271.4321221923828,271.6082036486264,271.53842530190417,271.3558485793137,49.77456887874756,0.08199649321329616,0.0847177270842607,-0.00272123387096454,0.48674531932091963,272.32763567765045,271.40123443603517,270.4748331944199,0.6823338353737172,6167159.0,203725.55,271.40019620426943,271.59400431315106,271.794911702474,271.33809407552087,-0.048224668316410035,97196.62966918945,92676.57576599078
67,2025-10-31 19:05:00+00:00,271.42999267578125,271.6600036621094,271.3800048828125,271.5262145996094,186612,271.6825897216797,271.4552947998047,271.4489221191406,271.57256145405734,271.52856779043844,271.3587561909399,48.02918807195254,0.06300891975564582,0.08037596561853773,-0.01736704586289191,0.4719777093192022,272.2459684249271,271.4552947998047,270.6646211746822,0.5825985679238466,5980547.0,200050.4,271.40035911703853,271.49000040690106,271.5999959309896,271.31999715169275,-0.04014480000087417,52251.13220214844,87420.5107406612
68,2025-10-31 19:10:00+00:00,271.8999938964844,271.9599914550781,271.42999267578125,271.42999267578125,291853,271.7075897216797,271.53104400634766,271.4687219238281,271.63804794254276,271.562333800079,271.3799811990005,55.30618612755984,0.08490754026786362,0.0812822805484029,0.003625259719460719,0.47612207146046454,272.17343209677466,271.53104400634766,270.88865591592065,0.4725179145620503,6272400.0,199462.4,271.40459525110697,271.76332600911456,272.0966593424479,271.566660563151,0.17315743778711923,154681.73373413086,84057.26801757769
69,2025-10-31 19:15:00+00:00,271.625,272.0,271.42999267578125,271.8999938964844,401601,271.6890899658203,271.5802932739258,271.4784820556641,271.6354383540342,271.56803072734454,271.38958977943184,50.8222881402718,0.07916013678703848,0.08085785179613002,-0.0016977150090915355,0.4828281609431992,272.07621602967953,271.5802932739258,271.0843705181721,0.36515251228990314,5870799.0,209034.7,271.4071369912929,271.68499755859375,271.94000244140625,271.3699951171875,-0.10113788255142753,228915.51141357422,90459.52881774859
70,2025-10-31 19:20:00+00:00,272.0,272.05499267578125,271.5899963378906,271.625,302997,271.6910888671875,271.62779388427737,271.49967590332034,271.70835068322737,271.6073006612223,271.4135274351404,56.054543043782914,0.1036696054355275,0.08542020252400952,0.018249402911517984,0.48155445929658675,272.09244441346226,271.62779388427737,271.1631433550925,0.34165480087124556,6173796.0,214370.95,271.4122508153975,271.8816630045573,272.173329671224,271.70833333333337,0.13805798435342354,140892.4953918457,92989.9814437862
71,2025-10-31 19:25:00+00:00,272.1050109863281,272.17498779296875,271.94000244140625,272.0299987792969,300934,271.7082000732422,271.6720443725586,271.5165759277344,271.78768274384754,271.6525470544138,271.44064443714774,57.42072026422642,0.13006770536082968,0.09434970309137355,0.03571800226945612,0.4639423801727234,272.14146524195434,271.6720443725586,271.2026235031629,0.34502919861281445,6474730.0,220983.65,271.4181352203939,272.0733337402344,272.2066650390625,271.9716796875,0.03860698026769693,70715.08178710938,92561.7452377315
72,2025-10-31 19:30:00+00:00,272.5199890136719,272.5899963378906,272.010009765625,272.1300048828125,448187,271.77463989257814,271.72779388427733,271.54011169433596,271.9341439978124,271.73140541434634,271.4829716754428,62.39584462399846,0.1823713846304713,0.1119540393991931,0.07041734523127821,0.47223125103650204,272.30870977630354,271.72779388427733,271.1468779922511,0.42632901471096746,6922917.0,234986.8,271.4319000878117,272.3733317057292,272.73665364583337,272.15666707356775,0.1525065730467512,259942.44186401367,102196.43863830523
73,2025-10-31 19:35:00+00:00,272.46099853515625,272.6499938964844,272.3299865722656,272.5199890136719,397262,271.8519989013672,271.78234405517577,271.5633319091797,272.0395149052812,271.79773206169267,271.52132566994135,61.29935869743197,0.21656595118940913,0.1328764217572363,0.08368952943217284,0.4613581134066626,272.42068112091476,271.78234405517577,271.1440069894368,0.4685713325363362,6525655.0,246331.95,271.44317051129957,272.48032633463544,272.63066609700525,272.3106587727865,-0.02164629417795716,127126.74963378906,106212.99133148152
74,2025-10-31 19:40:00+00:00,272.32000732421875,272.5050048828125,272.2200012207031,272.4700012207031,384372,271.9570007324219,271.8088439941406,271.58673217773435,272.0956133890687,271.8452116310132,271.5526465191287,58.64667426897804,0.22964141584100162,0.15222942057398936,0.07741199526701226,0.4487613668854277,272.48889533907663,271.8088439941406,271.12879264920457,0.4994501517667609,6141283.0,255328.35,271.45236439619356,272.3483378092448,272.4766743977865,272.1916707356771,-0.051747300235815974,109547.42761230469,104535.63379974323
75,2025-10-31 19:45:00+00:00,271.6849975585937,272.3500061035156,271.6199951171875,272.32000732421875,582954,271.9584991455078,271.81809387207034,271.61243225097655,272.0134902229737,271.83064671533873,271.55783675597047,48.47252030908328,0.18661267988181862,0.15910607243555522,0.027506607446263404,0.46885062541704897,272.4860147176943,271.81809387207034,271.1501730264464,0.4916876909847703,5558329.0,275178.15,271.4560059142365,271.88499959309894,272.1500040690104,271.41999308268225,-0.2331851309290811,425562.8245239258,122001.88572540242
76,2025-10-31 19:50:00+00:00,270.5050048828125,272.5899963378906,270.42999267578125,271.70001220703125,1115543,271.8550994873047,271.7718444824219,271.60213256835937,271.71179315494146,271.7101338214727,271.5165492315329,35.98107605573803,0.05664359717474099,0.13861357738339236,-0.08196998020865137,0.5896472708950723,272.63918424452436,271.7718444824219,270.90450472031944,0.6412744654970116,4442786.0,324345.6,271.4283475943134,271.1749979654948,271.92000325520837,269.759999593099,-0.4343238258957216,2409576.9652404785,240960.43037109333
77,2025-10-31 19:55:00+00:00,270.25,270.92999267578125,269.9599914550781,270.46649169921875,3672250,271.7371002197266,271.7098449707031,271.5934326171875,271.41943452395316,271.577394383157,271.4668806342179,33.94520903006726,-0.06617181265971794,0.0976564993747703,-0.16382831203448825,0.6168154101670761,272.79806198375127,271.7098449707031,270.62162795765494,0.8053409902299096,770536.0,498502.55,271.3253903593064,270.37999471028644,270.79999796549475,269.82999674479163,-0.09426993150200014,3562086.982727051,416421.8540176387
78,2025-11-03 14:30:00+00:00,269.25,270.8299865722656,269.25,270.4200134277344,3800289,271.47210083007815,271.58984527587893,271.55763244628906,270.9855476191625,271.36581307559726,271.3799441387584,27.398315107789006,-0.2414126971435735,0.02984266007110155,-0.27125535721467503,0.6856133503169725,273.11826523981154,271.58984527587893,270.0614253119463,1.135316593450404,-3029753.0,678789.95,271.1532932615814,269.7766621907552,270.3033243815104,268.72333780924475,-0.37002775208140326,6004405.59072876,712654.0074325558
79,2025-11-03 14:35:00+00:00,267.9695129394531,269.32000732421875,267.6199951171875,269.2601013183594,887133,271.10655212402344,271.3978210449219,271.4878228759766,270.3823406832206,271.057058517766,271.24620173878566,21.642319031693262,-0.4781056605048093,-0.07174700404408063,-0.40635865646072866,0.7580704115108494,273.58876654966247,271.3978210449219,269.20687554018133,1.6352199776066363,-3916886.0,709486.15,271.092834047465,268.3031717936198,268.9863484700521,267.28633626302087,-0.4755755099524195,1508136.929260254,783553.0888244625
80,2025-11-03 14:40:00+00:00,267.5050048828125,267.94000244140625,267.2301025390625,267.94000244140625,669169,270.6570526123047,271.17407073974607,271.41502685546874,269.80687352313896,270.73414455095207,271.09948813659065,20.000797142801634,-0.6951551416109396,-0.19642863155745244,-0.49872651005348717,0.7567375535736905,273.92416163231104,271.17407073974607,268.4239798471811,2.0561042540267374,-4586055.0,732284.35,271.0421674772915,267.55836995442706,267.88663736979163,267.1767374674479,-0.1733436209012229,475043.00775146484,802401.6153030392
81,2025-11-03 14:45:00+00:00,266.5799865722656,267.4599914550781,266.5,267.4599914550781,789351,270.10455017089845,270.9063751220703,271.3240264892578,269.1614961329643,270.35649382561695,270.92225278112693,17.202597629517545,-0.9310767924174002,-0.343358263729442,-0.5877185286879582,0.7744709342336055,274.2800986192801,270.9063751220703,267.5326516248605,2.5311153628520873,-5375406.0,764204.2,270.9690541799157,266.84665934244794,267.19331868489587,266.23332722981775,-0.34579476782204965,757770.215057373,838554.0721343994
82,2025-11-03 14:50:00+00:00,267.0950012207031,267.1390075683594,266.3550109863281,266.57000732421875,629876,269.5620513916016,270.66834564208983,271.2355163574219,268.74819715051206,270.0599944978975,270.77216448463975,23.610542040483345,-1.0642213412659771,-0.48753087923674904,-0.5766904620292281,0.7751513376477229,274.39399863413365,270.66834564208983,266.942692650046,2.7897586813803956,-4745530.0,787904.35,270.91905554491,266.8630065917969,267.3710021972656,266.5870056152344,0.19319329071159075,493820.6311035156,860751.0786071777
83,2025-11-03 14:55:00+00:00,267.2799987792969,267.5199890136719,266.9700012207031,267.1199035644531,526683,269.0439514160156,270.4479751586914,271.1515161132813,268.45455747626903,269.80726761438837,270.6352168099204,25.83106449118673,-1.141651352455881,-0.6183549738805754,-0.5232963785753055,0.7590682273135105,274.4197151690193,270.4479751586914,266.4762351483635,2.9719694915200194,-4218847.0,804733.45,270.8802034867771,267.2566630045573,267.5433247884115,266.99333699544275,0.06926283073374062,289669.22076416016,871480.1493209839
84,2025-11-03 15:00:00+00:00,266.7349853515625,267.5450134277344,266.62030029296875,267.3699951171875,588845,268.48544921875,270.2212249755859,271.03761596679686,268.1106430513277,269.5279692268587,270.48226655665144,23.64995279373352,-1.2327824739487028,-0.7412404738942009,-0.4915420000545019,0.770900006417233,274.4863361621203,270.2212249755859,265.9561137890515,3.1980140744663768,-4807692.0,823817.55,270.8313077470697,266.9667663574219,267.313232421875,266.3885192871094,-0.20391104093966383,544512.7058410645,893215.9777572632
85,2025-11-03 15:05:00+00:00,267.2099914550781,267.260009765625,266.25,266.7099914550781,510406,268.03794860839844,269.99822387695315,270.93311584472656,267.9305127320778,269.31724397487864,270.3539420428643,29.256539875830363,-1.252240472855533,-0.8434404736864674,-0.4087999991690656,0.7879792749320735,274.401173268059,269.99822387695315,265.5952744858473,3.2954975726242894,-4297286.0,834954.3,270.7946566474339,266.9066670735677,267.5633341471354,266.5533243815104,0.17808166517396806,515515.04443359375,911368.4660369873
86,2025-11-03 15:10:00+00:00,267.7651062011719,268.04998779296875,267.00250244140625,267.239990234375,615891,267.7639587402344,269.80952911376954,270.8332177734375,267.89743142589657,269.1761405409053,270.25241906868024,35.24141218760289,-1.2089321392866736,-0.9165388068065086,-0.2923933324801651,0.8065154232628183,274.255437826481,269.80952911376954,265.3636204010581,3.3207528611821786,-3681395.0,855110.4,270.7581043161815,267.6058654785156,268.209228515625,267.1617431640625,0.2077447565006496,645136.8006591797,938765.4745864868
87,2025-11-03 15:15:00+00:00,268.3299865722656,268.4299011230469,267.45001220703125,267.7314147949219,389391,267.57195739746095,269.65452880859374,270.73901733398435,267.9839424551704,269.09921745284714,270.17702955901694,40.735801280466234,-1.1161624222518753,-0.9564635298955819,-0.15969889235629342,0.818899244173733,274.0797556613825,269.65452880859374,265.229301955805,3.2983468670930325,-3292004.0,865249.35,270.7397225009282,268.06996663411456,268.6899210611979,267.71003214518225,0.2109611588708482,381559.92489624023,955230.9142211914
88,2025-11-03 15:20:00+00:00,268.31500244140625,268.70001220703125,268.2387084960937,268.3299865722656,452745,267.47845764160155,269.4752792358398,270.65271728515626,268.0501544524176,269.0279251790798,270.1040088877381,40.637307971354964,-1.031955111113632,-0.9715618461391919,-0.060393264974440086,0.7933567060854347,273.81170109571855,269.4752792358398,265.1388573759611,3.2323364854156447,-3744749.0,873293.95,270.71856608802796,268.41790771484375,268.5971069335938,268.13580322265625,-0.005584217794962765,208852.94860842417,957939.4749649061
89,2025-11-03 15:25:00+00:00,267.6300048828125,268.2900085449219,267.4800109863281,268.2900085449219,363738,267.4445068359375,269.2755294799805,270.55152709960936,267.96612453849656,268.90084151578276,270.00698912283906,36.314617938995355,-1.008864229726612,-0.9790223228566759,-0.02984190686993604,0.7963306167277697,273.565250018861,269.2755294799805,264.9858089411,3.2057097191018125,-4108487.0,871400.8,270.697066116368,267.8000081380208,268.1200052897135,267.31000773111975,-0.25529603352810737,294626.89196777344,961225.043992616
90,2025-11-03 15:30:00+00:00,268.1700134277344,268.2055969238281,267.510009765625,267.6400146484375,350324,267.51100769042966,269.0840301513672,270.47132751464846,268.0069023163441,268.83440259868746,269.93495086028594,41.58954039468239,-0.9361984503586882,-0.9704575483570783,0.03425909799839011,0.7891346554045808,273.2089422177958,269.0840301513672,264.95911808493855,3.0763410224015995,-3758163.0,873767.15,270.6802364617936,267.9618733723958,268.41373697916663,267.7181498209635,0.20177429102476996,243680.87561035156,966364.4630035413
91,2025-11-03 15:35:00+00:00,268.090087890625,268.2300109863281,267.9049987792969,268.1700134277344,214562,267.6620178222656,268.883283996582,270.4007293701172,268.0235394312003,268.7667376252272,269.86260329284823,41.04762194405458,-0.8749734700493832,-0.9513607326955393,0.07638726264615614,0.7559830519493429,272.78533764610097,268.883283996582,264.98123034706305,2.9110018055653857,-3972725.0,869448.55,270.66971440467347,268.0750325520833,268.24506632486975,267.9200541178385,-0.02980405455769164,69735.26916503906,966315.4723724378
92,2025-11-03 15:40:00+00:00,267.6900939941406,268.2598876953125,267.6900939941406,268.1050109863281,277284,267.7215270996094,268.6417892456055,270.3299310302734,267.95685034378835,268.6688609314921,269.7774068497617,38.35413720910053,-0.8489423180160998,-0.9308770497596515,0.0819347317435517,0.7426838126080951,272.19599233838505,268.6417892456055,265.0875861528259,2.655461051806699,-4250009.0,860903.4,270.6541534979768,267.88002522786456,268.0699564615885,267.50016276041663,-0.14920130006730314,157994.6766357422,961218.0841110243
93,2025-11-03 15:45:00+00:00,267.7099914550781,267.8450012207031,267.2601013183594,267.70001220703125,279399,267.7645263671875,268.40423889160155,270.2581091308594,267.9074785660463,268.5816909790908,269.6963317362447,38.57007838286361,-0.8172857226102224,-0.9081587843297656,0.09087306171954324,0.731413533303499,271.5127781702726,268.40423889160155,265.2956996129305,2.3223184624341333,-3970610.0,855010.25,270.63874159319334,267.6050313313802,267.949961344401,267.36506144205725,0.0074330210134476715,163420.4478149414,963032.7690200818
94,2025-11-03 15:50:00+00:00,267.8900146484375,268.0899963378906,267.70001220703125,267.70001220703125,184477,267.880029296875,268.1827392578125,270.19290954589843,267.9039857825245,268.51881131266776,269.62549577201696,40.59753456294077,-0.7688089247722587,-0.8802888124182642,0.11147988764600547,0.7070257188432044,270.7230158031501,268.1827392578125,265.6424627124749,1.8965070786018512,-3786133.0,845015.5,270.6292738793798,267.8933410644531,268.086669921875,267.6966857910156,0.06724560124966583,71943.10250854492,961152.5527648939
95,2025-11-03 15:55:00+00:00,267.5498962402344,268.0198974609375,267.3999938964844,267.8702087402344,195225,267.9140197753906,267.97598419189455,270.1230072021484,267.8331678740665,268.4307281242647,269.54409971194707,38.04288507687172,-0.7491991251288823,-0.8540708749603878,0.10487174983150549,0.7008027078153416,269.9530905910329,267.97598419189455,265.9988777927562,1.47793471567119,-3981358.0,825629.05,270.61809007610293,267.65659586588544,267.9131978352865,267.29329427083337,-0.12696195811907618,121020.67337036133,945925.4452072156
96,2025-11-03 16:00:00+00:00,267.1700134277344,267.6000061035156,267.0711975097656,267.5249938964844,263226,267.85451049804686,267.8092346191406,270.0552075195312,267.70053698480007,268.3161176973074,269.45099828903676,35.36604545837064,-0.7556014822444013,-0.8343769964171905,0.07877551417278927,0.6885174139535314,269.436642581834,267.8092346191406,266.18182665644724,1.2182564516235075,-4244584.0,783013.2,270.60128752088,267.28040568033856,267.4896138509115,266.9608052571615,-0.14198578203106216,139196.1708984375,832406.4054901137
97,2025-11-03 16:05:00+00:00,267.160400390625,267.3299865722656,267.07000732421875,267.239990234375,230791,267.7375518798828,267.6547546386719,269.99143981933594,267.59250966596505,268.211052487609,269.3611709204716,35.298359421749694,-0.7527735828621758,-0.8180563137061876,0.06528273084401182,0.6579075449601988,268.85713996040266,267.6547546386719,266.4523693169411,0.900122413331269,-4475375.0,610940.25,270.5866486583069,267.1867980957031,267.3035888671875,267.0436096191406,-0.00359809732612959,60000.87063598633,657302.0998855603
98,2025-11-03 16:10:00+00:00,267.2430114746094,267.3299865722656,266.8599853515625,267.20001220703125,350818,267.63035278320314,267.55440521240234,269.9285998535156,267.52261002769393,268.12304875915447,269.27810584416324,36.424429032554215,-0.7353893178675435,-0.8015229145384588,0.06613359667091534,0.644485664656122,268.5189752547351,267.55440521240234,266.5898351700696,0.7218673648454944,-4124557.0,438466.7,270.56516444123974,267.1443277994792,267.42867024739587,266.95866902669275,0.03092190454259125,164884.8882446289,365326.06476135383
99,2025-11-03 16:15:00+00:00,267.2900085449219,267.3399963378906,266.9599914550781,267.2900085449219,256370,267.5963531494141,267.52042999267576,269.8615997314453,267.4760897311395,268.0473178305879,269.200141244193,37.09516427566542,-0.7096396081417993,-0.7831462532591269,0.07350664511732763,0.6255941802387204,268.47190061171597,267.52042999267576,266.56895937363555,0.7119387845582712,-3868187.0,406928.55,270.5498576830179,267.19666544596356,267.433339436849,267.0533345540365,0.017585893099014704,97421.85180664062,294790.3108886732
100,2025-11-03 16:20:00+00:00,266.8930969238281,267.3395080566406,266.8800964355469,267.2799987792969,201828,267.4686614990234,267.4898345947266,269.7784619140625,267.3594911696772,267.94238865724606,269.1096689179042,33.84733597508347,-0.713040738579025,-0.7691251503231065,0.05608441174408152,0.6137239974426512,268.47989206500284,267.4898345947266,266.4997771244503,0.7419131342755068,-4070015.0,383561.5,270.5364526762334,267.0375671386719,267.1950378417969,266.7356262207031,-0.14849474668150453,92722.12866210938,275674.2669342054
101,2025-11-03 16:25:00+00:00,266.6400146484375,267.0097045898437,266.5,266.8999938964844,298242,267.3236541748047,267.49283599853516,269.6868621826172,267.21559586542924,267.8239910200816,269.0128197308663,31.92779541127316,-0.7277685209917877,-0.7608538244568427,0.033085303465055005,0.6062940397570112,268.4721479325804,267.49283599853516,266.5135240644899,0.734557365920093,-4368257.0,359006.05,270.5154594381603,266.71657307942706,266.93314615885413,266.42344156901044,-0.09482533580209562,152015.31628416272,245386.52199554484
102,2025-11-03 16:30:00+00:00,267.1700134277344,267.29998779296875,266.5223083496094,266.659912109375,257682,267.2716461181641,267.49658660888673,269.60216247558594,267.2064793778903,267.7645385116864,268.940552817018,39.64695170260369,-0.6887346185964134,-0.7464299832847568,0.057695364688343465,0.6185358543000373,268.4703339971914,267.49658660888673,266.52283922058206,0.728934640389991,-4110575.0,340396.35,270.4999582860073,266.9974365234375,267.4725646972656,266.69488525390625,0.1987694082584257,200393.99432373047,230715.1901565556
103,2025-11-03 16:35:00+00:00,267.3800048828125,267.44000244140625,266.840087890625,267.17999267578125,210720,267.2386474609375,267.5015869140625,269.5223626708984,267.24118447887474,267.7295809090615,268.8793548588138,42.43236621630862,-0.6335522186667504,-0.7238544303611556,0.09030221169440522,0.6172057611915526,268.47185500390736,267.5015869140625,266.53131882421764,0.7257596470387638,-3899855.0,324598.2,270.48818121542735,267.22003173828125,267.5999755859375,267.00006103515625,0.07859843714643766,126413.994140625,222552.42882537883
104,2025-11-03 16:40:00+00:00,267.5899963378906,267.6199951171875,267.07000732421875,267.3800048828125,273331,267.2086456298828,267.5443374633789,269.4383624267578,267.3109468506779,267.71689140259144,268.8287917795619,45.15812608601214,-0.5663467212379487,-0.6923528885365142,0.1260061672985655,0.6124044777470666,268.4488469340349,267.5443374633789,266.63982799272287,0.6760413192082737,-3626524.0,308822.5,270.4740598360545,267.4266662597656,267.7833251953125,267.23333740234375,0.07853670852095984,150328.7134399414,202843.2292053227
105,2025-11-03 16:45:00+00:00,267.8349914550781,267.8900146484375,267.57000732421875,267.5899963378906,214873,267.2371551513672,267.5755874633789,269.36506225585936,267.41575577155794,267.72762777099933,268.78981921781747,48.23751687009323,-0.4876949777646473,-0.6514213063821408,0.16372632861749348,0.5915189667807583,268.47490366493685,267.5755874633789,266.67627126182094,0.6715449663034688,-3411651.0,294045.85,270.46398972426203,267.76500447591144,267.96000162760413,267.6399943033854,0.09155615700899844,68760.93377685547,180505.52367248578
106,2025-11-03 16:50:00+00:00,267.8299865722656,268.0,267.70001220703125,267.79058837890625,161052,267.3031524658203,267.5788314819336,269.2930621337891,267.49860193169945,267.736933116569,268.7521787219135,48.17800241297475,-0.4209147138117828,-0.6053199878680692,0.18440527405628637,0.570695311508472,268.48132128613344,267.5788314819336,266.6763416777338,0.6739273788943886,-3572703.0,271303.9,270.4564779262925,267.8433329264323,267.98665364583337,267.6866658528646,-0.0018686441175308488,48313.634033203125,150664.36534118696
107,2025-11-03 16:55:00+00:00,267.8399963378906,267.9800109863281,267.57000732421875,267.82000732421875,356182,267.37111206054686,267.55433197021483,269.2200622558594,267.5668808129377,267.7463025003255,268.7164068637165,48.31534771565791,-0.36299874549331435,-0.5568557393931182,0.19385699389980382,0.5592173365513936,268.3986551102869,267.55433197021483,266.7100088301428,0.6304683031782173,-3216521.0,269643.45,270.4400788050303,267.7966715494792,268.0233357747396,267.61333211263025,0.003737358072974928,146035.9243774414,138888.16531524702
108,2025-11-03 17:00:00+00:00,267.45001220703125,267.8500061035156,267.360107421875,267.8500061035156,198870,267.3918121337891,267.5110824584961,269.1360626220703,267.5435070917564,267.71936701911693,268.6667443281602,43.480308632448725,-0.34459609419559456,-0.5144038103536135,0.16980771615801893,0.5542660040577673,268.2804016986246,267.5110824584961,266.7417632183676,0.5752994615928131,-3415391.0,256949.7,270.42965169584875,267.5533752441406,267.74664306640625,267.2567443847656,-0.1456033961288572,97426.1508178711,133316.82542571938
109,2025-11-03 17:05:00+00:00,267.8099975585937,267.875,267.4541931152344,267.4599914550781,251250,267.4438110351563,267.5200820922852,269.0560626220703,267.59680518512386,267.72760615906935,268.6331464156282,48.59417944439883,-0.29753426135397376,-0.47102990055368554,0.17349563919971178,0.5450318461228375,268.298907912596,267.5200820922852,266.74125627197435,0.5816256505811965,-3164141.0,251325.3,270.4181607805664,267.7130635579427,267.971934000651,267.5511271158854,0.13459911577187178,105727.72979736328,123871.86731719886
110,2025-11-03 17:10:00+00:00,267.8882141113281,267.9200134277344,267.67999267578125,267.8099975585937,173837,267.54332275390624,267.50599212646483,268.97422668457034,267.6550869703647,267.742206882002,268.603933384087,49.659946206562935,-0.25103225407923446,-0.42703037125879534,0.17599811717956088,0.5232453393964295,268.2465308752333,267.50599212646483,266.76545337769636,0.5528714663503048,-2990304.0,242500.95,270.410505834613,267.82940673828125,267.97882080078125,267.7388000488281,0.02920598687408127,41724.48745727539,113774.04790954506
111,2025-11-03 17:15:00+00:00,268.06500244140625,268.1239929199219,267.6705017089844,267.8800048828125,347557,267.6858215332031,267.5047378540039,268.8968487548828,267.737070064573,267.77155193285694,268.5827988373152,52.078309867055935,-0.19763551829845483,-0.38115140066672726,0.18351588236827243,0.5182629016493631,268.24138992906575,267.5047378540039,266.76808577894207,0.5496070492998117,-2642747.0,249150.7,270.3964021908706,267.9531656901042,268.235829671224,267.7823384602865,0.06599332138017555,157614.0447998047,118167.98669128334
112,2025-11-03 17:20:00+00:00,268.0599975585937,268.1499938964844,267.9700012207031,268.0799865722656,188459,267.7748199462891,267.5232330322266,268.82093688964846,267.80165556337715,267.7977742624694,268.5622968263849,52.00214508660249,-0.15394746218981936,-0.3357106129713457,0.18176315078152633,0.4941007426587835,268.29529474048354,267.5232330322266,266.75117132396963,0.5760364957760589,-2831206.0,244709.45,270.38880906769964,268.05999755859375,268.1499938964844,267.9700012207031,-0.0018670407427201496,33921.239685058594,111964.31484374916
113,2025-11-03 17:25:00+00:00,267.5350036621094,268.1199951171875,267.44189453125,268.04998779296875,187886,267.7903198242187,267.5144836425781,268.73788879394533,267.7483251831236,267.773886026073,268.52201081994275,44.62890217962222,-0.15984439615823476,-0.3005373696087235,0.14069297345048876,0.5072435886072633,268.28183300365953,267.5144836425781,266.7471342814967,0.5736440843834847,-3019092.0,240133.8,270.3795924955902,267.69896443684894,267.9560343424479,267.2779337565104,-0.19584939986040384,127405.60668945312,110163.57278747475
114,2025-11-03 17:30:00+00:00,267.3301086425781,267.6099853515625,267.2900085449219,267.5199890136719,139040,267.7643310546875,267.48648834228516,268.6590911865234,267.6646818750145,267.73354262757346,268.4752695580853,42.11888889585593,-0.17898781440197808,-0.2762274585673744,0.09723964416539632,0.49386738989536055,268.2376768775068,267.48648834228516,266.73529980706354,0.5619932143340867,-3158132.0,237861.95,270.37232173175914,267.4100341796875,267.5300598144531,267.2100830078125,-0.07658624730467745,44489.5751953125,108790.89642181313
115,2025-11-03 17:35:00+00:00,267.3999938964844,267.6199951171875,267.2799987792969,267.3301086425781,219618,267.7208312988281,267.47899322509767,268.5736907958984,267.6117442793085,267.70322001565626,268.4331018850813,43.29042330932262,-0.18637157978668029,-0.2582562828112356,0.0718847030245553,0.48287660046645087,268.23049282843465,267.47899322509767,266.7274936217607,0.5620789981228653,-2938514.0,239081.6,270.3611699029267,267.43332926432294,267.586659749349,267.24666341145837,0.02614193150973776,74669.31573486328,106473.32854003823
116,2025-11-03 17:40:00+00:00,267.489013671875,267.57000732421875,267.3299865722656,267.4005126953125,141535,267.6867340087891,267.4949432373047,268.49269104003906,267.5871981578218,267.6837467116761,268.39607881789675,44.82244966562025,-0.18293139588558915,-0.24319130542610629,0.06025990954051713,0.46552975414407044,268.23295436261947,267.4949432373047,266.75693211198995,0.5518066818400729,-2796979.0,232997.05,270.3542419563029,267.46300252278644,267.59601847330725,267.35599772135413,0.03329086665015968,33971.33712768555,101212.08685150063
117,2025-11-03 17:45:00+00:00,267.7799987792969,267.8699951171875,267.5000915527344,267.5199890136719,157190,267.6807342529297,267.52592315673826,268.41969116210936,267.6257582821168,267.69249689964164,268.371918816383,49.614127050967774,-0.1549389196344464,-0.2255408282677743,0.07060190863332791,0.45949058922752967,268.2571474374167,267.52592315673826,266.79469887605984,0.5461380864977076,-2639789.0,229317.0,270.3473642246079,267.71669514973956,267.93329874674475,267.56339518229163,0.10878394720870155,58145.14129638672,101119.30038452064
118,2025-11-03 17:50:00+00:00,267.489990234375,267.7850036621094,267.4599914550781,267.7850036621094,103094,267.6847320556641,267.53827209472655,268.3314910888672,267.59860467256846,267.6740872027992,268.33733338179445,45.384006871024646,-0.1543763914584133,-0.2113079409059021,0.056931549447488794,0.449884990499224,268.2582230615514,267.53827209472655,266.8183211279017,0.5383012397540798,-2742883.0,216930.8,270.3423660562325,267.5783284505208,267.6966654459635,267.37165323893225,-0.10830104796620832,33506.80847167969,94550.39639587319
119,2025-11-03 17:55:00+00:00,267.4230041503906,267.5299987792969,267.3299865722656,267.4700012207031,112435,267.6460327148437,267.544921875,268.247451171875,267.5634845681329,267.6512614707621,268.3014773335041,44.441478718082976,-0.15752000837386504,-0.2005503543994947,0.04303034602562966,0.43203693453722586,268.2580017428994,267.544921875,266.8318420071006,0.5332973280775765,-2855318.0,209734.05,270.33680737016067,267.4276631673177,267.52533976236975,267.3253275553385,-0.0250424638042257,22488.372497558594,90803.72243041909
120,2025-11-03 18:00:00+00:00,267.4849853515625,267.54998779296875,267.3800048828125,267.45001220703125,168846,267.6057098388672,267.5745162963867,268.15715087890624,267.5477847248188,267.6361454599258,268.26945804009466,45.56791478874284,-0.15324348696486823,-0.1910889809125694,0.037845493947701175,0.41331878993858473,268.2231478581141,267.5745162963867,266.92588473465935,0.48498539899341037,-2686472.0,208084.95,270.32867614783424,267.47165934244794,267.56331380208337,267.3933308919271,0.023177213706349065,28700.934448242188,87602.66271972572
121,2025-11-03 18:05:00+00:00,267.45001220703125,267.6000061035156,267.25,267.4750061035156,155758,267.54421081542966,267.6150161743164,268.0640509033203,267.5282302212613,267.6192242551172,268.2373229093863,45.01334458552782,-0.1509364519549763,-0.18305847512105078,0.03212202316607449,0.4087964551940876,268.1075641720971,267.6150161743164,267.1224681765357,0.36832901499323206,-2842230.0,200960.75,270.3211244747944,267.43333943684894,267.6166788736979,267.26667277018225,-0.01307480660467375,54516.25067138672,82727.70943908692
122,2025-11-03 18:10:00+00:00,267.6099853515625,267.8599853515625,267.489990234375,267.5350036621094,211369,267.49920959472655,267.6370147705078,267.9658508300781,267.54458124732156,267.61838435479405,268.21272143653044,48.123385377244375,-0.13464748191961462,-0.17337627648076354,0.038728794561148916,0.4088805044324563,268.0854201118726,267.6370147705078,267.18860942914296,0.3351185425878313,-2630861.0,198645.1,270.31150720882107,267.6533203125,267.816650390625,267.4466552734375,0.0598142221834852,78205.49792480469,76618.28461914063
123,2025-11-03 18:15:00+00:00,267.6199951171875,267.7098999023437,267.3099975585937,267.6099853515625,207566,267.50770874023436,267.6490142822266,267.86903076171876,267.55966402129474,267.6185307877389,268.18947726714447,48.320350734911436,-0.11955252429885377,-0.1626115260443816,0.04305900174552782,0.40823920724085233,268.08184047620665,267.6490142822266,267.2161880882465,0.32346327021682186,-2423295.0,198487.4,270.30216389686797,267.54663085937494,267.7832641601562,267.3833618164062,0.003740430541809836,83006.1298828125,74447.89140625
124,2025-11-03 18:20:00+00:00,267.885009765625,267.8999938964844,267.4599914550781,267.6099853515625,177522,267.5631988525391,267.6637649536133,267.7803308105469,267.62473317016077,267.6427561493649,268.1775373651241,53.368458826292134,-0.0852227989451535,-0.14713378062453597,0.06191098167938247,0.41050800968123785,268.1075107537064,267.6637649536133,267.2200191535202,0.33129573056837675,-2245773.0,193696.95,270.29500876992614,267.7483317057292,268.03667195638025,267.596669514974,0.09902647532800124,78110.11340332031,70836.96140441895
125,2025-11-03 18:25:00+00:00,267.6780090332031,268.0,267.6019897460937,267.8900146484375,240136,267.59100036621095,267.65591583251955,267.70019104003904,267.63538834276926,267.6459609569866,268.1579480187743,49.316301723899926,-0.07386796942876117,-0.132480618385381,0.05861264895661983,0.40961531284017133,268.09276909852565,267.65591583251955,267.21906256651346,0.326402058640468,-2485909.0,194960.1,270.28457151649155,267.75999959309894,267.9180094401042,267.5199991861979,-0.07727223430791241,95576.5903320449,72177.7442321784
126,2025-11-03 18:30:00+00:00,268.2650146484375,268.3999938964844,267.67999267578125,267.7098999023437,168920,267.66860046386716,267.67766723632815,267.65539123535154,267.7613136039029,267.7022385653003,268.16214671013364,58.85650896712406,-0.017303276490622466,-0.10944515000642929,0.09214187351580683,0.43192742358596264,268.18470612123537,267.67766723632815,267.17062835142093,0.378013424949723,-2316989.0,195353.5,270.2789215517036,268.11500040690106,268.55000813802087,267.83000691731775,0.21929542040248773,121622.60620117188,75843.19284057684
127,2025-11-03 18:35:00+00:00,268.3349914550781,268.6199951171875,268.2301025390625,268.2943115234375,184172,267.72409973144534,267.7024169921875,267.6170910644531,267.87604917413796,267.75976155528014,268.1689249354256,59.82728106640808,0.0327931743637464,-0.08099748513239416,0.11379065949614056,0.4289249346244653,268.28188494417526,267.7024169921875,267.1229490401998,0.43189891027294236,-2132817.0,186753.0,270.273010154402,268.39502970377606,268.5599568684896,268.1700642903646,0.026084954362137758,71807.2958984375,72131.76141662666
128,2025-11-03 18:40:00+00:00,268.5350036621094,268.54998779296875,268.2300109863281,268.3349914550781,115305,267.82860107421874,267.7566665649414,267.6027911376953,268.00784007173223,267.83023811044643,268.183280963923,62.54738418490978,0.0876242087921355,-0.04727314634748823,0.13489735513962373,0.42114292548276244,268.42741951528427,267.7566665649414,267.0859136145985,0.49956463119934885,-2017512.0,182574.75,270.26970752846296,268.43833414713544,268.64665730794275,268.3266805013021,0.07453825009799964,36894.925689697266,69105.20016021797
129,2025-11-03 18:45:00+00:00,268.3599853515625,268.5799865722656,268.32000732421875,268.5350036621094,110585,267.92229919433595,267.78416595458987,267.6106005859375,268.07826912769826,267.8783969505479,268.190210547752,58.79582096465854,0.11562285533727845,-0.014693946010534892,0.13031680134781334,0.40963123423734193,268.50466198317787,267.78416595458987,267.06366992600186,0.5369623400777302,-2128097.0,175541.5,270.2662334829301,268.4199930826823,268.51997884114587,268.259999593099,-0.06517523159368377,28749.805145263672,65256.30392761298
130,2025-11-03 18:50:00+00:00,268.1499938964844,268.44000244140625,268.0599975585937,268.375,152212,267.9888000488281,267.79725494384763,267.6235003662109,268.0926140814555,267.90308758199666,268.18863342417285,54.56684894028258,0.11949002239242645,0.01214284767005738,0.10734717472236907,0.4075150662784287,268.5341606729677,267.79725494384763,267.0603492147276,0.5496220368399678,-2280309.0,174460.25,270.26094785308874,268.21666463216144,268.3733317057292,267.99332682291663,-0.07824991300511286,57841.3032226649,66062.14471588246
131,2025-11-03 18:55:00+00:00,268.1300048828125,268.3399963378906,268.0199890136719,268.15509033203125,140624,268.0567993164062,267.80050506591795,267.65450073242187,268.1000922417269,267.9237164275254,268.1863342656881,54.167455238465834,0.11956357928073658,0.033626993992193224,0.08593658528854335,0.40126451327416596,268.5426604137311,267.80050506591795,267.0583497181048,0.5535787374020309,-2420933.0,164113.6,270.2560420138614,268.163330078125,268.3066711425781,267.9866638183594,-0.007454415113505863,45000.7099609375,60431.477973939094
132,2025-11-03 19:00:00+00:00,267.8550109863281,268.29998779296875,267.75,268.1400146484375,212500,268.0813018798828,267.7902557373047,267.66970092773437,268.0510759906471,267.91747047832564,268.1733411959093,48.86819763836346,0.09632182636221387,0.04616596046619735,0.05015586589601652,0.41188760468092195,268.52340052087527,267.7902557373047,267.0571109537341,0.5474191286330019,-2633433.0,165315.65,270.2477180439366,267.9683329264323,268.1866658528646,267.63667805989587,-0.10255991178778068,116872.40600585938,64579.036289979136
133,2025-11-03 19:05:00+00:00,267.6000061035156,267.94000244140625,267.510009765625,267.8550109863281,292341,268.0793029785156,267.793505859375,267.67610107421876,267.96086201322083,267.88861008061565,268.1508574667958,44.518790344133805,0.056672521300072276,0.048267272632972334,0.008405248667099942,0.4131808240452311,268.5226610422871,267.793505859375,267.0643506764629,0.5449590181474437,-2925774.0,170538.4,270.23514999512633,267.68333943684894,267.8566691080729,267.42667643229163,-0.09520258063251408,125704.4888305664,64493.9803970348
134,2025-11-03 19:10:00+00:00,267.6355895996094,267.7499084472656,267.3699951171875,267.5899963378906,153948,268.0543609619141,267.80877990722655,267.69411315917966,267.89580753049853,267.865608218706,268.1306508837689,45.2510487465599,0.027800979742664822,0.04417401405491083,-0.01637303431224601,0.4108045744761521,268.51075868717237,267.80877990722655,267.10680112728073,0.5245780510701131,-2771826.0,171283.8,270.2286681727719,267.5851643880208,267.80033365885413,267.420420328776,0.01329727028480665,58486.89733886719,65193.84650421253
135,2025-11-03 19:15:00+00:00,267.44000244140625,267.7699890136719,267.3900146484375,267.6225891113281,170292,268.0305603027344,267.81078033447267,267.69871337890623,267.80464651268005,267.826916784406,268.10356663112725,41.97195351193162,-0.010738388567745005,0.033191533530379666,-0.04392992209812467,0.40860241667316805,268.5083019212029,267.81078033447267,267.11325874774246,0.5216284627300846,-2942118.0,168817.5,270.22099777885234,267.53333536783856,267.6766560872396,267.29668172200525,-0.07307965225989976,64706.59460449219,64695.71044769398
136,2025-11-03 19:20:00+00:00,267.6116943359375,267.6400146484375,267.3900146484375,267.4200134277344,187214,267.96522827148436,267.8169143676758,267.6956451416016,267.76605607733154,267.8073511072725,268.084277521512,45.6922802933371,-0.02711445604415985,0.021130335615471764,-0.048244791659631615,0.3972736726250846,268.5051048561626,267.8169143676758,267.128723879189,0.5143201908231149,-2754904.0,171101.45,270.21313133228875,267.5472412109375,267.7044677734375,267.4544677734375,0.06419828483543721,46803.5,65337.3185913097
137,2025-11-03 19:25:00+00:00,267.3099975585937,267.6585998535156,267.3099975585937,267.6300048828125,187155,267.86272888183595,267.7934143066406,267.6752453613281,267.674844373584,267.7621371483017,268.05391360139754,40.74848817921935,-0.06370269107964077,0.004163730276449257,-0.06786642135609003,0.393797145646288,268.5162680367365,267.7934143066406,267.0705605765447,0.5408355367909082,-2942059.0,172599.7,270.20440810370303,267.4261983235677,267.5423990885417,267.19379679361975,-0.11273676888166051,65242.66250611415,65692.19465179608
138,2025-11-03 19:30:00+00:00,267.3299865722656,267.5299987792969,267.1700134277344,267.32000732421875,160540,267.7422271728516,267.78541412353513,267.6555450439453,267.60587281332033,267.7228507322984,268.02552430613747,41.20241125547274,-0.09004816540334559,-0.014678648859509716,-0.07536951654383588,0.39138201749744594,268.52487427997,267.78541412353513,267.0459539671003,0.5532190128883768,-2781519.0,175472.0,270.19701844212005,267.3433329264323,267.51665242513025,267.15666707356775,0.007477839906666617,57792.04833984375,66906.45664520428
139,2025-11-03 19:35:00+00:00,267.1299133300781,267.3599853515625,267.1099853515625,267.3178100585937,183174,267.6192199707031,267.77075958251953,267.64554321289063,267.5106809166719,267.6689473320966,267.9904023070763,38.05952597546954,-0.12562327525711225,-0.036867574139030225,-0.08875570111808204,0.38128330196191407,268.5489692977733,267.77075958251953,266.9925498672658,0.5826451298939027,-2964693.0,179008.95,270.1880480531105,267.19996134440106,267.2899373372396,267.0399373372396,-0.07484130185051452,45793.5,68071.71302032635
140,2025-11-03 19:40:00+00:00,267.0799865722656,267.1499938964844,266.9100036621094,267.1000061035156,186090,267.51221923828126,267.75050964355466,267.6237426757813,267.4245420477906,267.6154054448392,267.9546997292406,37.295011557552925,-0.15604666935257683,-0.06070339318173955,-0.09534327617083728,0.3711909399914202,268.5769902597785,267.75050964355466,266.92402902733085,0.6189011964774772,-3150783.0,179871.15,270.1788405275566,267.0466613769531,267.1833190917969,266.9433288574219,-0.018690066264048788,44659.78271484375,68869.65543365643
141,2025-11-03 19:45:00+00:00,267.2449951171875,267.2778015136719,267.0849914550781,267.0849914550781,150715,267.42371826171876,267.7402587890625,267.6068408203125,267.38863266167,267.58173177868906,267.92686817582677,41.47901188031199,-0.1649412774466441,-0.08155097003472046,-0.08339030741192364,0.3588069400924795,268.58624882101424,267.7402587890625,266.8942687571108,0.6331194577325919,-3000068.0,179619.0,270.1718181651246,267.2025960286458,267.3202006022135,267.12739054361975,0.061782444667457526,29059.36798095703,67596.81129913495
142,2025-11-03 19:50:00+00:00,267.3399963378906,267.3800048828125,267.1346130371094,267.2401123046875,151195,267.372216796875,267.7267593383789,267.5998388671875,267.3789053969141,267.55975582952556,267.9038535939469,43.80390601513482,-0.16245186985804594,-0.09773114999938556,-0.06472071985866037,0.3507058619218113,268.5890922009662,267.7267593383789,266.86442647579156,0.6451207259668109,-2848873.0,176610.3,270.16503470438903,267.2848714192708,267.43512980143225,267.18973795572913,0.03554836290253771,37102.020111083984,65541.6374084489
143,2025-11-03 19:55:00+00:00,267.19500732421875,267.38360595703125,267.18218994140625,267.33270263671875,156006,267.3317169189453,267.7055099487305,267.5895391845703,267.34212578237504,267.52659687449767,267.8760557010164,41.119025645757375,-0.1702162511016354,-0.11222817021983553,-0.05798808088179988,0.3400423014720391,268.5977454225042,267.7055099487305,266.81327447495676,0.6678534024335797,-3004879.0,174032.3,270.1577118970056,267.25360107421875,267.32501220703125,267.12359619140625,-0.0542339401728098,31422.10693359375,62962.43626098797
144,2025-11-03 20:00:00+00:00,267.0599975585937,267.239990234375,266.95220947265625,267.2099914550781,166115,267.27415771484374,267.6642593383789,267.57293884277345,267.2857001376188,267.48417875487,267.8440534209214,38.73800003116274,-0.18512967923578572,-0.12680847202302556,-0.05832120721276016,0.33630933434680416,268.59494236803437,267.6642593383789,266.7335763087234,0.6969842268880341,-3170994.0,173461.95,270.14960065427056,267.0840657552083,267.2159220377604,266.92814127604163,-0.050528551029860314,47804.701232910156,61447.16565246746
145,2025-11-03 20:05:00+00:00,267.3099975585937,267.3299865722656,266.97100830078125,267.0599975585937,210423,267.2611572265625,267.64585876464844,267.5681408691406,267.29055962181377,267.4683441006631,267.8231100537713,45.07980434216607,-0.17476122915019232,-0.13639902344845892,-0.038362205701733404,0.3379285441423449,268.5891927712682,267.64585876464844,266.7025247580287,0.705797774296095,-2960571.0,171976.3,270.1402131551435,267.2036641438802,267.43631998697913,267.07734171549475,0.09361192327022039,75537.28482055664,60445.20037689306
146,2025-11-03 20:10:00+00:00,267.2900085449219,267.3900146484375,267.04010009765625,267.29998779296875,217442,267.22898864746094,267.5971084594727,267.5705407714844,267.2904494064354,267.4521317774139,267.8022041122478,44.681526897851825,-0.16624078383017604,-0.14236737552480233,-0.02387340830537371,0.3387846874736953,268.5076180712234,267.5971084594727,266.68659884772194,0.6812896723730067,-3178013.0,174402.4,270.1305094536741,267.2400410970052,267.43998209635413,267.0900675455729,-0.007477839906622208,76086.11975097656,58168.37605438329
147,2025-11-03 20:15:00+00:00,267.3886108398437,267.44000244140625,267.1803894042969,267.29998779296875,203424,267.2368499755859,267.54978942871094,267.5751049804687,267.31008169311707,267.4463571467257,267.78598476823197,47.16143204157863,-0.14980502925425299,-0.14385490627069247,-0.005950122983560513,0.33312956959052953,268.39824177201194,267.54978942871094,266.70133708540993,0.6346211535607987,-2974589.0,175365.0,270.1218040187592,267.3363342285156,267.4922790527344,267.232666015625,0.03688962990371358,52811.5224609375,57218.58738250829
148,2025-11-03 20:20:00+00:00,267.6600036621094,267.7699890136719,267.38641357421875,267.4013061523437,267304,267.2698516845703,267.50603942871095,267.58344482421876,267.3800660869155,267.4657795572151,267.7810443326978,53.35909395209195,-0.11357126387298422,-0.13779817779115083,0.024226913918166615,0.3367328460092863,268.2275067856516,267.50603942871095,266.7845720717703,0.5390923911451644,-2707285.0,182964.95,270.11157610447475,267.60546875,267.82452392578125,267.4409484863281,0.10149752504913234,102531.24926757812,60500.40356140233
149,2025-11-03 20:25:00+00:00,267.6199951171875,267.7900085449219,267.531005859375,267.6499938964844,191006,267.31885986328126,267.4690399169922,267.59004455566406,267.4280518929699,267.47979915357627,267.77472867718757,52.38362935913257,-0.08708029157236297,-0.12765460054739325,0.04057430897503028,0.3311806916905427,268.0787871955211,267.4690399169922,266.8592926384633,0.45568140621324904,-2898291.0,186986.0,270.10420108109116,267.6470031738281,267.76300048828125,267.5039978027344,-0.014947524611252927,49471.066955566406,61536.46665191747
150,2025-11-03 20:30:00+00:00,267.739990234375,267.9700012207031,267.6300048828125,267.6300048828125,354946,267.3848602294922,267.4485397338867,267.606982421875,267.4904395612509,267.5034528881943,267.77336638531256,55.03847686082456,-0.05576062823843131,-0.11327580608560087,0.05751517784716956,0.3325253639637629,267.98895981503165,267.4485397338867,266.9081196527418,0.4036902224967257,-2543345.0,197122.7,270.0912678339562,267.7799987792969,267.92999267578125,267.5899963378906,0.04483787436546649,120680.34014892578,64678.418498230516
151,2025-11-03 20:35:00+00:00,267.739990234375,268.0350036621094,267.7349853515625,267.739990234375,303473,267.4343597412109,267.42903900146484,267.62898193359376,267.54034969587576,267.52495628330166,267.7720575166483,55.03847686082456,-0.030586981714805006,-0.0967380412114417,0.06615105949663669,0.33020343157684234,267.8923342408658,267.42903900146484,266.9657437620639,0.34607847635715744,-2543345.0,205265.15,270.08032180647956,267.83665974934894,267.9383341471354,267.6383158365885,0.0,91047.4567565918,66980.75583801323
152,2025-11-03 20:40:00+00:00,268.0599975585937,268.0899963378906,267.6199951171875,267.739990234375,251231,267.50635986328126,267.4392883300781,267.64678161621094,267.6442792684193,267.5735963992373,267.7833492829991,61.651465446123275,0.01501218010565708,-0.07438799694802194,0.08940017705367902,0.3401889879430054,267.9467857169476,267.4392883300781,266.9317909432086,0.37864462545073135,-2292114.0,207201.7,270.0725654753449,267.92332967122394,268.2266642252604,267.75666300455725,0.11952167621227527,118078.8766784668,67041.0793716436
153,2025-11-03 20:45:00+00:00,267.840087890625,268.1000061035156,267.7699890136719,268.0899963378906,254652,267.57086791992185,267.45129241943357,267.6559832763672,267.6834409928605,267.59782289845435,267.7855743264354,55.59949633091068,0.03302428858739859,-0.052905539840937835,0.08592982842833642,0.3394624237930586,267.9841518963191,267.45129241943357,266.91843294254807,0.3978937440485784,-2546766.0,205317.25,270.0639116228068,267.9033610026042,268.0367329915365,267.70671590169275,-0.08203748040422898,84039.51196289062,64957.830528259816
154,2025-11-03 20:50:00+00:00,267.6600036621094,267.9700012207031,267.4599914550781,267.8399963378906,579145,267.63086853027346,267.45251312255857,267.6573834228516,267.67875352671024,267.6034756951503,267.78064998665786,51.16971454299573,0.03239430078019723,-0.03584557171671082,0.06823987249690805,0.35164437678105437,267.9871646427864,267.45251312255857,266.91786160233073,0.399500495339436,-3125911.0,226577.1,270.04290440415156,267.69666544596356,267.933339436849,267.423329671224,-0.06723572633726693,295369.6057128906,76801.96594696099
155,2025-11-03 20:55:00+00:00,269.0599975585937,269.1099853515625,267.6499938964844,267.6700134277344,1639691,267.8058685302734,267.533512878418,267.6818835449219,267.95500233308695,267.7358867736451,267.83082047967497,70.70824820321384,0.14321197955928255,-3.40614615121429e-05,0.1432460410207947,0.4308120252308451,268.41463622120835,267.533512878418,266.6523895356276,0.6549642093105947,-1486220.0,300047.05,270.01917299803057,268.6066589355469,269.5633239746094,268.10333251953125,0.5230493451878093,2393934.848968506,193263.37866516167
156,2025-11-04 14:30:00+00:00,268.5849914550781,269.0,267.614990234375,268.24249267578125,5841667,267.93536682128905,267.582177734375,267.6969836425781,268.08100015748516,267.81307810832084,267.86039581204375,61.68903937010026,0.1905106771307601,0.0380748862569423,0.15243579087381778,0.50325454658712,268.57555794542264,267.582177734375,266.5887975233274,0.7397138653697028,-7327887.0,582769.7,269.9055795521621,268.3999938964844,269.18499755859375,267.79998779296875,-0.17654281863737076,8090765.842529297,595461.4957916265
157,2025-11-04 14:35:00+00:00,268.3599853515625,269.1300048828125,268.3099975585937,268.5849914550781,636694,268.0325042724609,267.6346771240234,267.70738342285154,268.1367971963006,267.86279694861554,267.87998755869154,57.92019525654189,0.20744779458141238,0.07194946792183632,0.13549832665957606,0.5258797449893834,268.67485020019234,267.6346771240234,266.5945040478545,0.7752072834601204,-7964581.0,605246.65,269.89235120538024,268.59999593098956,268.88999430338544,268.06998697916663,-0.0837746377028159,522093.743286169,618304.0498306293
158,2025-11-04 14:40:00+00:00,269.42999267578125,269.5,268.135009765625,268.385009765625,511766,268.2095031738281,267.7396774291992,267.7469830322266,268.39543629219673,268.0052692874488,267.9407720730872,67.9484672556929,0.3037102481390548,0.11830162396528002,0.18540862417377477,0.5858162085169274,269.02960924585153,267.7396774291992,266.4497456125469,0.9575265202226787,-7452815.0,622807.95,269.88919218679416,269.02166748046875,269.9083251953125,268.5433349609375,0.39872089082766404,698555.5922851562,650342.2270278948
159,2025-11-04 14:45:00+00:00,269.06500244140625,269.5899963378906,268.7019958496094,269.3900146484375,535182,268.35400390625,267.8364318847656,267.7720831298828,268.5293495220386,268.1016086650813,267.9848595385115,62.4787613303498,0.3465524338179762,0.16395178593581924,0.18260064788215694,0.6074007999286647,269.2160743091861,267.8364318847656,266.4567894603451,1.0255086405902722,-7987997.0,640408.35,269.8833451130197,269.11899820963544,269.5360005696615,268.64800008138025,-0.13546755903089958,475241.87731933594,671814.6458938617
160,2025-11-04 14:50:00+00:00,268.4801025390625,269.5400085449219,268.1099853515625,269.0740051269531,390367,268.4280151367187,267.9064376831055,267.7839208984375,268.5195001254434,268.1360171990796,268.00428083265075,54.857831905605906,0.32951025165505143,0.19706347907966568,0.13244677257538576,0.6661595423165725,269.267404417496,267.9064376831055,266.545470948715,1.0138306127862773,-8378364.0,650622.2,269.8761211721795,268.7100321451823,269.3100789388021,267.88005574544275,-0.2173823786209894,558233.8639221191,697493.3499542254
161,2025-11-04 14:55:00+00:00,268.3002014160156,268.7300109863281,267.9599914550781,268.510009765625,352142,268.4840362548828,267.9591979980469,267.7886248779297,268.47564038355785,268.1509430369829,268.01588556141013,52.7274884653616,0.2980519253110856,0.21726116832594966,0.08079075698513594,0.6735781129546744,269.2950889257254,267.9591979980469,266.62330707036836,0.9958180580022304,-8730506.0,660693.55,269.8688365322399,268.33006795247394,268.70014444986975,267.93012491861975,-0.06700724610334552,271156.2177734375,709598.1924438494
162,2025-11-04 15:00:00+00:00,268.3323059082031,268.5,268.1199951171875,268.3349914550781,259375,268.5112670898437,268.0088134765625,267.79407104492185,268.4469734884869,268.1674305707302,268.0282942024608,53.077681145441844,0.2725695274062332,0.22832284014200638,0.044246687264226814,0.6526085965159476,269.3225552895092,268.0088134765625,266.69507166361586,0.9791901936668725,-8471131.0,666102.55,269.8636227924873,268.3174336751302,268.5148722330729,268.1348673502604,0.0119658844898618,98563.76647949219,712671.2797622698
163,2025-11-04 15:05:00+00:00,268.42010498046875,268.7980041503906,268.2799987792969,268.32000732421875,296944,268.56926879882815,268.070068359375,267.81177307128905,268.4415997868833,268.1904009716155,268.04365933101013,54.079555536831805,0.25650239489903015,0.23395875109341113,0.022543643805619018,0.642994080414362,269.3398261937723,268.070068359375,266.8003105249777,0.946097412851909,-8174187.0,673149.45,269.85803689588647,268.49936930338544,268.718739827474,268.20073445638025,0.03272027643799191,153818.5869140625,718791.1037612932
164,2025-11-04 15:10:00+00:00,268.260009765625,268.42999267578125,267.8900146484375,268.42999267578125,270871,268.6292694091797,268.13006896972655,267.83037109375,268.4052817826316,268.19672904379814,268.0521436617793,51.90333847819243,0.22821995320475708,0.23281099151568033,-0.004591038310923251,0.6356357909093183,269.3137292284532,268.13006896972655,266.9464087109999,0.8824723892024074,-8445058.0,678387.25,269.85241590933384,268.19333902994794,268.49666341145837,267.9566853841146,-0.059643525903319006,146264.3882446289,723714.0881118792
165,2025-11-04 15:15:00+00:00,268.70001220703125,268.79998779296875,268.1300048828125,268.2699890136719,199873,268.59327087402346,268.19956970214844,267.85637145996094,268.46422786751157,268.2424820586375,268.07755027139706,57.02221384502468,0.23856045770793344,0.23396088475413096,0.004599572953802478,0.6380891565698134,269.3450799970547,268.19956970214844,267.05405940724216,0.8526313679685781,-8245185.0,677859.75,269.84943259568826,268.5433349609375,268.9566650390625,268.28668212890625,0.16402088473443932,133911.49420166016,726632.7985809344
166,2025-11-04 15:20:00+00:00,268.8122863769531,269.04998779296875,268.57000732421875,268.7099914550781,212055,268.6160003662109,268.27568359375,267.8828369140625,268.5338395693999,268.29428245121164,268.1063634520071,58.24343368799577,0.2528996989198049,0.23774864758726574,0.015151051332539162,0.6267956788683982,269.3705098734694,268.27568359375,267.18085731403056,0.8145656543273934,-8033130.0,677590.4,269.84659181658634,268.8107604980469,269.051513671875,268.571533203125,0.041784207227868464,101782.25830078125,727917.6055084246
167,2025-11-04 15:25:00+00:00,268.42999267578125,269.0090026855469,268.3800048828125,268.82501220703125,138842,268.6230010986328,268.3277526855469,267.89583679199217,268.51307019067616,268.30661974435435,268.11905479411587,52.747360390542994,0.2307557356855341,0.23635006520691942,-0.005594329521385333,0.6269529734302537,269.34519185611146,268.3277526855469,267.31031351498234,0.758066682804298,-8171972.0,674361.3,269.84405587853007,268.60633341471356,268.8326619466146,268.20366414388025,-0.14221585862923547,87331.3129272461,729643.59503174
168,2025-11-04 15:30:00+00:00,268.56170654296875,268.7095031738281,268.29010009765625,268.42999267578125,168439,268.5361724853516,268.37283782958986,267.9172711181641,268.5227974611347,268.3298094533193,268.13641368622774,54.34583233045598,0.22128387086814882,0.2333368263391653,-0.01205295547101648,0.6121279807689409,269.3469122183211,268.37283782958986,267.3987634408586,0.7254008036141262,-8003533.0,669418.05,269.84127694827333,268.5204366048177,268.75077311197913,268.33137003580725,0.049068237820426575,70643.83474731445,728049.2243057268
169,2025-11-04 15:35:00+00:00,268.5799865722656,268.67999267578125,268.3699951171875,268.54998779296875,142715,268.4876708984375,268.42083740234375,267.9404107666016,268.5342352833609,268.35255282776893,268.1538087013665,54.57549963418913,0.21279937660051473,0.2292293363914352,-0.016429959790920462,0.5905472363278559,269.334529237284,268.42083740234375,267.5071455674035,0.6803871327876645,-7860818.0,667003.5,269.83896532709235,268.54332478841144,268.7166544596354,268.40665690104163,0.0068066402809874305,44241.30157470703,727787.7360366839
170,2025-11-04 15:40:00+00:00,268.6549987792969,268.9100036621094,268.42999267578125,268.53448486328125,151458,268.5051605224609,268.46658782958986,267.96381103515625,268.5583879825481,268.3800479142715,268.1734632142265,55.563369198109136,0.20971079644914425,0.225325628402977,-0.015614831953832758,0.5826517898993037,269.32955718000414,268.46658782958986,267.60361847917557,0.6424368460184344,-7709360.0,656829.1,269.83666695828117,268.6649983723958,268.9000040690104,268.41999308268225,0.02792918712544168,72701.50396728516,725388.7942276018
171,2025-11-04 15:45:00+00:00,268.2300109863281,268.70001220703125,268.19000244140625,268.67999267578125,138984,268.4981414794922,268.4910888671875,267.9794110107422,268.49271258330407,268.3664081935494,268.1756807739168,49.054341867680115,0.17099894194615217,0.21446029111161205,-0.04346134916545988,0.5774630738797105,269.29602352531685,268.4910888671875,267.68615420905815,0.6001823995528844,-7848344.0,648604.65,269.8338100070907,268.3733418782552,268.55668131510413,268.04667154947913,-0.15819091209908764,70883.197265625,724380.5812530535
172,2025-11-04 15:50:00+00:00,267.8599853515625,268.3099975585937,267.8500061035156,268.2244873046875,181734,268.45090942382814,268.48108825683596,267.9844110107422,268.36616713695577,268.32036975336877,268.16330056127543,44.19940098204426,0.10920272106420725,0.19340877710213109,-0.08420605603792383,0.5690722439653075,269.31175674737466,268.48108825683596,267.65041976629726,0.6202258911113266,-8030078.0,645129.8,269.82923121158177,268.0066630045573,268.163319905599,267.7033284505209,-0.13795087037612452,83596.08709715764,722656.4417739881
173,2025-11-04 15:55:00+00:00,268.27349853515625,268.3900146484375,267.7099914550781,267.85009765625,219793,268.4362487792969,268.5027587890625,267.9974810791016,268.34763341659584,268.3161087335313,268.1676220504472,50.1384205419122,0.09252920970766354,0.1732328636232376,-0.08070365391557405,0.5769973117791695,269.2867065538849,268.5027587890625,267.7188110242401,0.584439215280656,-7810285.0,643386.85,269.82487871350276,268.12450154622394,268.53901163736975,267.8589884440104,0.1543766169668892,149464.3377380371,725927.6830627455
174,2025-11-04 16:00:00+00:00,268.9599914550781,269.04998779296875,268.27020263671875,268.2742004394531,239671,268.50624694824216,268.56775817871096,268.01898071289065,268.4701050242923,268.37464352639915,268.19869536043274,58.10958767683931,0.1331744213769639,0.16522117517398285,-0.03204675379701896,0.5914821578128002,269.2730521009223,268.56775817871096,267.8624642564996,0.524460101590353,-7570614.0,626413.15,269.82224819208716,268.7600606282552,269.24991861979163,268.47013346354163,0.25589293153081005,186891.88818359375,720503.7971862806
175,2025-11-04 16:05:00+00:00,269.3999938964844,269.4599914550781,268.75,268.9599914550781,205473,268.5762451171875,268.58475799560546,268.05342041015626,268.6560827987307,268.4678571964069,268.24580510694454,62.27267572157583,0.1986012130661834,0.17189718275242297,0.026704030313760424,0.5999471076174663,269.3504908982959,268.58475799560546,267.819025092915,0.5684728433844538,-7365141.0,554702.25,269.8211500342862,269.2033284505208,269.65665690104163,268.9466654459635,0.16359401226400117,145884.07424926758,608101.2584503187
176,2025-11-04 16:10:00+00:00,269.5400085449219,269.6700134277344,269.260009765625,269.385009765625,326921,268.6490173339844,268.6325088500977,268.07892028808595,268.83286794796896,268.5653255008173,268.29655818294367,63.515230763302675,0.25876751796226927,0.18927124979439222,0.06949626816787705,0.5863797186526026,269.5041320560985,268.6325088500977,267.76088564409685,0.6467486668908137,-7038220.0,278964.95,269.8199914961919,269.49001057942706,269.72001139322913,269.31000773111975,0.05197277342601225,134038.80722045898,210264.9066848768
177,2025-11-04 16:15:00+00:00,270.0101013183594,270.1700134277344,269.4100036621094,269.5400085449219,518279,268.80702819824216,268.7150146484375,268.11242248535154,269.06831462204707,268.69666875695754,268.36375595296,67.39765711167706,0.3404577214689084,0.21950854412929546,0.12094917733961294,0.5987818648649167,269.7624861642959,268.7150146484375,267.66754313257906,0.7758757992712253,-6519941.0,273044.2,269.82122540410774,269.8633728027344,270.3167419433594,269.5567321777344,0.1744055644930853,393897.1013183594,203855.0745864863
178,2025-11-04 16:20:00+00:00,270.8900146484375,270.95001220703125,269.9822082519531,270.02178955078125,509755,269.03985900878905,268.7880157470703,268.15952270507813,269.4326546273252,268.89606383800117,268.4628249214101,73.15580715594119,0.47077267394934097,0.2697613700933046,0.20101130385603638,0.6251405855944316,270.1735720321204,268.7880157470703,267.4024594620202,1.02296593460506,-6010186.0,272943.65,269.8280050113452,270.60741170247394,271.23261515299475,270.26481119791663,0.3258816339765991,493342.9051208496,193594.44022827098
179,2025-11-04 16:25:00+00:00,270.6099853515625,271.0,270.54998779296875,270.8705139160156,475132,269.24285888671875,268.8652648925781,268.20452270507815,269.66812077217264,269.0518748846886,268.54702729122,68.98031568816738,0.54516783327648,0.32484266272993967,0.22032517054654033,0.6126314156970615,270.46040338790226,268.8652648925781,267.270126397254,1.1789206471829297,-6485318.0,269941.15,269.83260123243355,270.71999104817706,270.8899943033854,270.43998209635413,-0.1033737981218752,213815.19995117188,180523.10635986278
180,2025-11-04 16:30:00+00:00,270.8099975585937,270.8099975585937,270.3599853515625,270.6400146484375,387957,269.45835876464844,268.9817596435547,268.2577227783203,269.89649612945686,269.2117042186799,268.6357712232739,70.28490447226807,0.6131972899110565,0.38251358816616304,0.23068370174489344,0.6010157579352138,270.7753342118158,268.9817596435547,267.18818507529363,1.3245999663457864,-6097361.0,269820.65,269.8372696079529,270.6599934895833,270.96000162760413,270.50998942057294,0.07391161370906563,174585.3858032006,161340.68245391682
181,2025-11-04 16:35:00+00:00,271.3099975585937,271.4859924316406,270.6700134277344,270.79010009765625,402431,269.766357421875,269.1322494506836,268.3213226318359,270.17919641528425,269.40245815867206,268.7406428442668,73.30714784188784,0.6993947583294471,0.44588982219881984,0.25350493613062725,0.6163702755045735,271.1614254011655,269.1322494506836,267.10307350020173,1.495835736789355,-5694930.0,272335.1,269.8445303169519,271.15533447265625,271.6406555175781,270.8246765136719,0.18463129297574543,328375.2465209961,164201.63389129477
182,2025-11-04 16:40:00+00:00,271.0451965332031,271.42999267578125,271.0400085449219,271.31988525390625,408658,270.0848785400391,269.2678939819336,268.38512634277345,270.352396438868,269.55179801090213,268.83101749873487,69.2879065097698,0.7378343482747596,0.5042787274140078,0.23355562086075177,0.6001998366013449,271.42378095869645,269.2678939819336,267.1120070051707,1.5907951916047147,-6103588.0,279799.25,269.85051138226476,271.17173258463544,271.303456624349,270.9134724934896,-0.0976009095770114,159370.13494873047,167241.95231475667
183,2025-11-04 16:45:00+00:00,270.8251953125,271.17999267578125,270.75,271.0400085449219,280522,270.3400482177734,269.38814849853514,268.44963012695314,270.44695621359443,269.6675614019565,268.90922055025504,66.04789286378612,0.7419925125544751,0.5518214844421012,0.19017102811237385,0.5880421822570524,271.6087998241881,269.38814849853514,267.1674971728822,1.6399148706165236,-6384110.0,278978.15,269.85383296016784,270.91839599609375,271.0867919921875,270.65679931640625,-0.08116772535247119,120622.40539550781,165582.14323882892
184,2025-11-04 16:50:00+00:00,270.5599975585937,270.8299865722656,270.3599853515625,270.8299865722656,573165,270.500048828125,269.5031478881836,268.5081182861328,270.4695644825943,269.7486919616508,268.97395690352323,62.26796504243983,0.7156392020625049,0.584585027966182,0.13105417409632292,0.5796106850032005,271.7164032994082,269.5031478881836,267.289892476959,1.6360551679450026,-6957275.0,294092.85,269.8587159500267,270.5833231608073,270.8066609700521,270.336659749349,-0.09792211304427978,269388.24966430664,171738.33630981282
185,2025-11-04 16:55:00+00:00,270.54998779296875,270.7900085449219,270.1000061035156,270.56500244140625,350967,270.61504821777345,269.5956466674805,268.57031799316405,270.4856491446692,269.8215370372252,269.0357620364427,62.123448073769694,0.6860380891535556,0.6048756402036567,0.08116244894989888,0.5874958104605612,271.8215048820627,269.5956466674805,267.36978845289826,1.6454321308530213,-7308242.0,301647.55,269.861630559566,270.48000081380206,270.8599955240885,270.16999308268225,-0.0036996472927541824,242168.08685302734,177151.1659423812
186,2025-11-04 17:00:00+00:00,270.0899963378906,270.5927124023437,270.0199890136719,270.57000732421875,241394,270.6700469970703,269.65953216552737,268.6198840332031,270.40651858331347,269.8459424281948,269.0771045580681,55.7231477816808,0.6183337610943909,0.6075672643818035,0.010766496712587337,0.5864406374756511,271.8650400468008,269.65953216552737,267.45402428425393,1.6331651754434309,-7549636.0,303114.5,269.86229089577574,270.23423258463544,270.448476155599,269.8757527669272,-0.17002087445301406,138251.9896850449,178974.65251159438
187,2025-11-04 17:05:00+00:00,270.22021484375,270.385009765625,270.0,270.07000732421875,178054,270.69105834960936,269.7490432739258,268.67808837890624,270.3692578354008,269.87996719324525,269.1219324124085,57.07148430232552,0.5686303220728064,0.5997798759200041,-0.031149553847197753,0.5720527180577475,271.89211014222377,269.7490432739258,267.6059764056278,1.5861632480287744,-7371582.0,305075.1,269.86305266743835,270.2017415364583,270.40348307291663,270.01847330729163,0.04821300589616939,68552.52880859375,178035.71330566175
188,2025-11-04 17:10:00+00:00,269.82000732421875,270.21099853515625,269.75,270.21099853515625,251235,270.5840576171875,269.8119583129883,268.72788879394534,270.2594077331644,269.874516296061,269.14930789914615,51.84591815380685,0.4912833774400269,0.5780805762240087,-0.08679719878398173,0.5647785841786227,271.88462709266395,269.8119583129883,267.7392895333126,1.5363343884170342,-7622817.0,309214.9,269.86292378718395,269.927001953125,270.10400390625,269.64300537109375,-0.14810421187869682,115818.96697998047,180294.46991729506
189,2025-11-04 17:15:00+00:00,269.3326110839844,269.90008544921875,269.29998779296875,269.82598876953125,224416,270.45632019042966,269.8495895385742,268.7719427490234,270.0740484033284,269.8252521858722,269.1564962593359,46.28740509519696,0.38620463666984506,0.5397053883131759,-0.15350075164333088,0.567301375040864,271.8577467318552,269.8495895385742,267.84143234529324,1.49120983545121,-7847233.0,313299.95,269.8615092773573,269.5108947753906,269.7218017578125,269.1217041015625,-0.18063754614339178,134671.515625,184815.9806198097
190,2025-11-04 17:20:00+00:00,269.7669982910156,269.8140869140625,268.9800109863281,269.3200988769531,333285,270.3520202636719,269.90518951416016,268.82568298339845,270.01263838086584,269.8199563772489,269.1804375154802,51.29884845057918,0.3341287664088668,0.4985900639323141,-0.1644612975234473,0.5863567002332576,271.8381366759163,269.90518951416016,267.972242352404,1.4330493900302423,-7513948.0,322391.3,269.8611363697699,269.52036539713544,270.06071980794275,269.22664388020837,0.16128281134726308,277984.9955749512,195080.155200193
191,2025-11-04 17:25:00+00:00,270.010009765625,270.0450134277344,269.7099914550781,269.7898864746094,214742,270.222021484375,269.994189453125,268.8809832763672,270.0121126578177,269.83723395801036,269.2129697605839,53.89069737383618,0.3089063786642896,0.4606533268787092,-0.15174694821441959,0.5684042196920428,271.76776031740894,269.994189453125,268.22061858884103,1.3137074924173775,-7299206.0,326179.2,269.8615138850685,269.9216715494792,270.13335164388025,269.798329671224,0.09008198784463683,71943.28845214844,195133.15975951919
192,2025-11-04 17:30:00+00:00,270.0,270.1499938964844,269.8900146484375,270.0050048828125,168670,270.1175018310547,270.1011901855469,268.9341833496094,270.00969012625416,269.8520308709185,269.2438336915414,53.76377388241854,0.2848264482314562,0.4254879511492586,-0.14066150291780238,0.5463738645745309,271.58064897398424,270.1011901855469,268.62173139710956,1.095895398842475,-7467876.0,325526.0,269.86178916870165,270.0133361816406,270.13665771484375,269.8766784667969,-0.003707183164691763,43850.699768066406,193145.89039306462
193,2025-11-04 17:35:00+00:00,270.2098999023437,270.4800109863281,269.9849853515625,270.0,186471,270.05597229003905,270.19801025390626,268.9944812011719,270.0497320814721,269.8845644192299,269.28171864098465,56.09872784902852,0.27945867217357545,0.39628209535412195,-0.1168234231805465,0.5427061338738948,271.41685151136187,270.19801025390626,268.97916899645065,0.9021440427579512,-7281405.0,323859.9,269.8625524975448,270.22496541341144,270.4649454752604,269.96991984049475,0.0777407045717382,92307.92514038086,190288.0697631818
194,2025-11-04 17:40:00+00:00,270.2200012207031,270.3385925292969,270.0400085449219,270.19000244140625,160410,270.02197265625,270.2610107421875,269.05768127441405,270.0837859093183,269.9150586739093,269.31851403626774,56.21332884162318,0.27287423858228976,0.3716005239997555,-0.09872628541746575,0.5252688374811166,271.33955437876057,270.2610107421875,269.1824671056145,0.7982707658210249,-7120995.0,319896.85,269.8632254892363,270.1995340983073,270.35905965169275,270.06047566731775,0.003738322823498841,47895.85693359375,183338.2682006818
195,2025-11-04 17:45:00+00:00,270.5419921875,270.6000061035156,270.2099914550781,270.2349853515625,177001,270.02117309570315,270.31811065673827,269.1223211669922,270.1754271649546,269.97205262969027,269.3664935716102,59.81440259044166,0.29029170547221383,0.35533876029424716,-0.06504705482203332,0.5156078239780012,271.3269391297462,270.31811065673827,269.3092821837303,0.7457832810728919,-6943994.0,318473.25,269.8646327009814,270.45066324869794,270.69133504231775,270.30132039388025,0.11915882071731332,69032.98278808594,179495.71362762272
196,2025-11-04 17:50:00+00:00,270.6199951171875,270.92999267578125,270.3999938964844,270.5400085449219,211368,270.0741729736328,270.3721099853516,269.1889208984375,270.2643407554012,270.03095649219,269.41565049496614,60.65850065256942,0.3068521573357543,0.34564143970254857,-0.03878928236679424,0.5166357493579208,271.322483303651,270.3721099853516,269.4217366670522,0.7023674048089867,-6732626.0,312695.6,269.86649815242777,270.6499938964844,270.8999938964844,270.3699951171875,0.028832097027442494,112024.78198242188,178395.01236572088
197,2025-11-04 17:55:00+00:00,270.7699890136719,270.8500061035156,270.5299987792969,270.60009765625,243712,270.129150390625,270.4101043701172,269.25654846191406,270.36547040705534,270.0981412668702,269.4687618094252,62.298444938618005,0.3282953047279875,0.34217221270763637,-0.013876907979648856,0.50259086184798,271.3603078432115,270.4101043701172,269.4599008970229,0.7018528726581384,-6488914.0,298967.25,269.86906355256633,270.71666463216144,270.903330485026,270.58332316080725,0.05542602142882824,77989.625,162599.6385498029
198,2025-11-04 18:00:00+00:00,270.5350036621094,270.7789001464844,270.4200134277344,270.7449951171875,156151,270.2006500244141,270.3923538208008,269.31404846191407,270.39937705806614,270.13785603007375,269.5105752154128,58.204987551843146,0.3226089641872818,0.33825956300356547,-0.015650598816283667,0.49232628019812424,271.319005591356,270.3923538208008,269.46570205024557,0.6850512931868785,-6645065.0,281287.05,269.87027288303335,270.5779724121094,270.7359313964844,270.3770446777344,-0.08678411976840161,56040.52001953125,140734.519294737
199,2025-11-04 18:05:00+00:00,270.4200134277344,270.5400085449219,270.3999938964844,270.4800109863281,132005,270.30939025878905,270.3828552246094,269.370048828125,270.4035043319998,270.16350670258834,269.54623945903325,56.25696396678654,0.30530438849513075,0.3316685281018785,-0.026364139606747772,0.46716116364379395,271.30426877166065,270.3828552246094,269.4614416775581,0.6814684574353758,-6777070.0,264130.7,269.87111553259297,270.4533386230469,270.5066833496094,270.3666687011719,-0.04250475273751553,18482.633666992188,130967.89098052801
200,2025-11-04 18:10:00+00:00,270.7300109863281,270.7699890136719,270.44000244140625,270.44000244140625,168688,270.4056915283203,270.3788558959961,269.4298492431641,270.46880566286546,270.2150070920192,269.59266187186836,60.130899954794806,0.3129965701797346,0.32793413651744974,-0.014937566337715147,0.45879076523620155,271.2934882024876,270.3788558959961,269.46422358950457,0.6756785501240209,-6608382.0,253167.25,269.8727946207221,270.64666748046875,270.85333251953125,270.5233459472656,0.11463558287139186,55664.77490234375,125021.86043548517
201,2025-11-04 18:15:00+00:00,270.440185546875,270.8599853515625,270.3999938964844,270.7300109863281,175248,270.44870910644534,270.33536529541016,269.4838531494141,270.4630816396674,270.23547786064245,269.62589809441766,55.20813076532609,0.29233631769500334,0.32081457275296044,-0.02847825505795709,0.45887652879633894,271.145509623767,270.33536529541016,269.5252209670533,0.5991301379405541,-6783630.0,241808.1,269.8739446352135,270.5667215983073,270.73344930013025,270.2734578450521,-0.10705331056473089,80612.58251953125,112633.72723541192
202,2025-11-04 18:20:00+00:00,270.57000732421875,270.7200012207031,270.3999938964844,270.42498779296875,171937,270.5057098388672,270.3116058349609,269.53405334472654,270.4844667765777,270.2658896300585,269.6629219857824,56.909840949711565,0.2831741953632445,0.31328649727501723,-0.03011230191177272,0.44895729989793975,271.0628149164269,270.3116058349609,269.56039675349496,0.5552789009358303,-6611693.0,229972.05,269.87532604585135,270.56333414713544,270.7266743977865,270.40666707356775,0.04800387822587737,55021.09930419922,107416.27545318536
203,2025-11-04 18:25:00+00:00,270.6383972167969,270.7799987792969,270.57000732421875,270.58990478515625,120792,270.5485595703125,270.3022659301758,269.59001953125,270.5152528646215,270.29975395612564,269.7011759164104,57.81898457125509,0.27822444200000973,0.30627408622001573,-0.028049644220005998,0.43188831098223873,271.03203975809106,270.3022659301758,269.5724921022605,0.5392980710942329,-6490901.0,221985.55,269.8763884829265,270.6628011067708,270.7555948893229,270.54560343424475,0.025276228231829734,25365.287841796875,102653.4195754998
204,2025-11-04 18:30:00+00:00,270.4100036621094,270.82000732421875,270.4100036621094,270.6099853515625,200755,270.56755981445315,270.2947662353516,269.64501953125,270.4942030241191,270.3097766566696,269.7289730829084,53.74107706646816,0.25295635233010216,0.295610539442033,-0.042654187111930864,0.4303251217770342,271.0168335615173,270.2947662353516,269.5726989091859,0.5340537083590727,-6691656.0,203365.05,269.87762042628765,270.5466715494792,270.683339436849,270.2733357747396,-0.08439066926062555,82310.28518676758,93299.52135162285
205,2025-11-04 18:35:00+00:00,270.4006042480469,270.54998779296875,270.2301025390625,270.42999267578125,255790,270.5534210205078,270.2872970581055,269.67183166503906,270.47548326890467,270.31803371043117,269.75531155997265,53.57361383221515,0.2295269116967802,0.28239381389298246,-0.05286690219620227,0.4224365597862639,271.0016994638694,270.2872970581055,269.5728946523416,0.5284029654819574,-6947446.0,198606.2,269.8791543097962,270.39356486002606,270.5570271809896,270.23714192708337,-0.0034759860712219037,81823.44909667969,85282.28946380547
206,2025-11-04 18:40:00+00:00,270.62548828125,270.6300048828125,270.1455993652344,270.3999938964844,257028,270.55397033691406,270.31407165527344,269.7126416015625,270.50548427137375,270.3459841259602,269.7894361372777,57.024102363984184,0.22649428807494587,0.2712139087293751,-0.04471962065442925,0.42686291391425396,271.03697720030294,270.31407165527344,269.59116611024393,0.5342479377095618,-6690418.0,199387.9,269.88134739832856,270.46703084309894,270.7884623209635,270.3040568033854,0.0831669861938833,124505.78137207031,84594.97904815673
207,2025-11-04 18:45:00+00:00,270.215087890625,270.6499938964844,270.1700134277344,270.6199951171875,232409,270.49848022460935,270.3138153076172,269.74974365234374,270.447404995224,270.33408446820243,269.80612836289913,49.756380238059435,0.1887986767193297,0.254730862327366,-0.06593218560803632,0.4306570249739501,271.0368574233091,270.3138153076172,269.5907731919253,0.5351604318886607,-6922827.0,202105.65,269.88223180489956,270.34503173828125,270.5200500488281,270.0400695800781,-0.15164883146501218,111551.78076171875,86744.94164581299
208,2025-11-04 18:50:00+00:00,270.3599853515625,270.5799865722656,270.07000732421875,270.2149963378906,332063,270.48097839355466,270.3408142089844,269.7683435058594,270.4299210664917,270.33643909396244,269.8278482448075,52.07861902523195,0.16867229802011252,0.23751914946591532,-0.0688468514458028,0.4363228980505876,271.0274955091685,270.3408142089844,269.6541329088003,0.5079755417882311,-6590764.0,206147.05,269.8840338816185,270.33665974934894,270.60331217447913,270.09333292643225,0.05362300901425865,169345.23904418945,89421.25524902344
209,2025-11-04 18:55:00+00:00,270.489990234375,270.57989501953125,270.3099975585937,270.3599853515625,106839,270.48797607421875,270.39868316650393,269.7968432617188,270.44193490006836,270.3503982885454,269.8538145973396,54.12725256415259,0.16135233615233346,0.22228578680319894,-0.06093345065086547,0.42443536682822824,270.9078903268063,270.39868316650393,269.88947600620156,0.37650721186476993,-6483925.0,200268.2,269.8847683841254,270.4599609375,270.6099243164063,270.34002685546875,0.04808584474638167,28835.574829107634,84129.45820922883
210,2025-11-04 19:00:00+00:00,270.6849975585937,270.7998962402344,270.4649963378906,270.4800109863281,186664,270.4834747314453,270.4445831298828,269.8409411621094,270.49054743177345,270.38081640400435,269.88641000758486,57.09047723234599,0.16933469005510915,0.21169556745358098,-0.04236087739847183,0.4180399765079084,270.87754356162316,270.4445831298828,270.01162269814245,0.3198998360791196,-6297261.0,192937.15,269.88645951922035,270.64996337890625,270.8349304199219,270.5000305175781,0.07209410006252526,62513.75537109375,73355.89619903595
211,2025-11-04 19:05:00+00:00,270.6199951171875,270.79998779296875,270.510009765625,270.6700134277344,164824,270.50145568847654,270.47508239746094,269.8873370361328,270.5164369688563,270.4025599233846,269.9151780510987,55.79663516750748,0.1684735510341966,0.2030511641697041,-0.0345776131355075,0.4088926944247543,270.86510417301906,270.47508239746094,270.0850606219028,0.28824313250706607,-6462085.0,190441.25,269.887825785459,270.64333089192706,270.77665201822913,270.4866739908854,-0.02401405397139955,47795.33837890625,72148.49869537384
212,2025-11-04 19:10:00+00:00,270.2900085449219,270.7699890136719,270.2449951171875,270.6129150390625,186284,270.47345581054685,270.48958282470704,269.9264910888672,270.4711512840694,270.392327979888,269.92987728615054,49.64558198013416,0.13955522779110652,0.1903519768939846,-0.05079674910287807,0.41718563742901293,270.82571634747825,270.48958282470704,270.15344930193584,0.2487206423801945,-6648369.0,191321.95,269.88867063511543,270.43499755859375,270.625,270.1000061035156,-0.12193724714344434,97797.96301269531,74845.86185760528
213,2025-11-04 19:15:00+00:00,269.94000244140625,270.44500732421875,269.9200134277344,270.2799987792969,195694,270.4036163330078,270.47608795166013,269.95688903808593,270.36492151553676,270.3512074763897,269.9302743510625,44.09322511530441,0.08738733405476751,0.16975904832614117,-0.08237171427137366,0.4248862273615388,270.87234608847155,270.47608795166013,270.0798298148487,0.29358978530603236,-6844063.0,191783.1,269.8887836634037,270.10167439778644,270.2833353678385,269.75834147135413,-0.12949280123222273,102738.15557861328,75367.37337951691
214,2025-11-04 19:20:00+00:00,270.518798828125,270.5697937011719,269.8699951171875,269.92010498046875,308771,270.41449584960935,270.49102783203125,270.00206481933594,270.3956969780544,270.36644305382015,269.95335374231985,53.37891220851567,0.09169097711577479,0.1541454340840679,-0.062454456968293104,0.4445228242631699,270.8696786894501,270.49102783203125,270.1123769746124,0.2799442102058308,-6535292.0,199201.15,269.89096490802535,270.3195292154948,270.7690633138021,270.06926472981775,0.21441667832999833,216077.50857543945,83776.45596160919
215,2025-11-04 19:25:00+00:00,270.5104064941406,270.67999267578125,270.43389892578125,270.5,135411,270.42547607421875,270.4894485473633,270.0382727050781,270.41863888127165,270.3795306393038,269.9751989482736,53.24083052996986,0.09334839187857824,0.14198602564296997,-0.04863763376439173,0.4303493189586578,270.867498978744,270.4894485473633,270.1113981159826,0.2795089743720368,-6670703.0,197121.65,269.89190400893295,270.5414326985677,270.64896647135413,270.40287272135413,-0.0031023108267302923,33323.80078125,81990.9968612674
216,2025-11-04 19:30:00+00:00,270.510009765625,270.6099853515625,270.3100891113281,270.5299987792969,168115,270.41392822265624,270.4839492797852,270.07222717285157,270.4369130581423,270.3913923780603,269.99617192150305,53.233820024824375,0.09355148901198618,0.1322991183167732,-0.038747629304787035,0.42103124190692337,270.857415787304,270.4839492797852,270.1104827722664,0.2761202868924352,-6838818.0,194959.0,269.89306521835687,270.47669474283856,270.643300374349,270.3434041341146,-0.00014665924344958725,50417.05642700195,78910.6105834964
217,2025-11-04 19:35:00+00:00,270.3099975585937,270.5199890136719,270.0599975585937,270.510009765625,220537,270.4234191894531,270.46094970703126,270.1098272705078,270.41152995823256,270.3839928490179,270.0084788092321,49.68199711516237,0.07668910712811794,0.12117711607904216,-0.044488008950924224,0.42381411427629895,270.817389611226,270.46094970703126,270.1045098028365,0.26372676365216163,-7059355.0,193800.25,269.8940902077169,270.2966613769531,270.53332519531256,270.0733337402344,-0.07393893009896013,101445.13552857698,80083.38610992524
218,2025-11-04 19:40:00+00:00,270.3445129394531,270.44989013671875,270.12030029296875,270.3299865722656,207391,270.4218719482422,270.45142517089846,270.1454833984375,270.3981265544767,270.3804037663302,270.02165661826035,50.29827416204474,0.06535725304689777,0.11001314347261329,-0.04465589042571552,0.41708380923870614,270.8096168020633,270.45142517089846,270.0932335397336,0.26498901514237744,-6851964.0,196362.25,269.8951291218309,270.3049011230469,270.489501953125,270.159912109375,0.012768814017682928,68353.96728515625,80699.0584732065
219,2025-11-04 19:45:00+00:00,270.326904296875,270.4200134277344,270.1199951171875,270.3399963378906,171790,270.4055633544922,270.44676971435547,270.1804217529297,270.38388210295636,270.37554017819787,270.03362711546094,49.962079360657754,0.05432952975138505,0.09887642072836764,-0.044546890976982584,0.40872198790357533,270.8088723264027,270.44676971435547,270.08466710230823,0.2678997956115934,-7023754.0,198351.5,269.89595249369495,270.2889709472656,270.45794677734375,270.1579284667969,-0.006513408534414289,51540.145568847656,82351.93406829928
220,2025-11-04 19:50:00+00:00,270.3699951171875,270.5599060058594,270.2900085449219,270.3194885253906,186728,270.3740631103516,270.42876892089845,270.2147216796875,270.3811047058026,270.3750360817424,270.04681801748944,50.82823762005615,0.04850788001772344,0.0888027125862388,-0.04029483256851536,0.39880595026314136,270.7678204383622,270.42876892089845,270.0897174034347,0.25080558019524474,-6837026.0,199253.5,269.89693303987906,270.40663655598956,270.52326456705725,270.25336710611975,0.01594026329883036,50397.4130859375,82088.56597747895
221,2025-11-04 19:55:00+00:00,270.3999938964844,270.5799865722656,270.30010986328125,270.3500061035156,180346,270.35206298828126,270.42675933837893,270.2581213378906,270.38488254393894,270.37730497399167,270.06066805195985,51.45820395656343,0.0457870270931835,0.08019957548762774,-0.03441254839444424,0.3903110044575152,270.765992753975,270.42675933837893,270.08752592278285,0.2509122953057097,-6656680.0,199508.4,269.8979360411796,270.42669677734375,270.55328369140625,270.2734069824219,0.011095454317655573,50474.644958496094,80581.6690994272
222,2025-11-04 20:00:00+00:00,270.239990234375,270.489990234375,270.2200012207031,270.4200134277344,154137,270.34706115722656,270.4102584838867,270.3057214355469,270.35590408202614,270.3648218158447,270.06770029440753,47.93101128217053,0.03036969033621517,0.07023359845734523,-0.039863908121130054,0.3817165765442552,270.7521104110932,270.4102584838867,270.0684065566802,0.2529987711367385,-6810817.0,198618.4,269.89851792575973,270.31666056315106,270.413319905599,270.1433308919271,-0.059172953299191366,41615.2966003418,79911.37896423433
223,2025-11-04 20:05:00+00:00,270.010009765625,270.3099975585937,269.9700012207031,270.25,221794,270.35406188964845,270.37883911132815,270.34045166015625,270.2867252187459,270.33256617491566,270.0654379207298,43.333296717327656,-0.000401533294791534,0.05610657210691787,-0.056508105401709405,0.3787365594975633,270.74564203273474,270.37883911132815,270.01203618992156,0.27169579507439867,-7032611.0,203668.5,269.8987901746479,270.09666951497394,270.22333780924475,269.8833414713542,-0.08510230797097451,75409.14776610068,82413.57196044952
224,2025-11-04 20:10:00+00:00,269.79998779296875,270.20001220703125,269.6499938964844,270.0,356485,270.2821807861328,270.3483383178711,270.35725158691406,270.1893777335905,270.28414995837505,270.055028111798,39.597748326494234,-0.041259355516274354,0.03663338658227942,-0.07789274209855378,0.3909709702867999,270.79290857496676,270.3483383178711,269.9037680607754,0.3295554315864671,-7389096.0,211455.0,269.898403913753,269.8833312988281,270.1166687011719,269.566650390625,-0.07778303213223925,196073.27743530273,88101.72157287628
225,2025-11-04 20:15:00+00:00,269.5884094238281,269.885009765625,269.5400085449219,269.79998779296875,192793,270.1899810791016,270.30772857666017,270.36101989746095,270.069184071638,270.2209008188708,270.03672933972075,36.21113231953938,-0.08967832424781363,0.011371044416260807,-0.10104936866407443,0.3876874167451088,270.86089957052627,270.30772857666017,269.75455758279406,0.41038188180890733,-7581889.0,208305.15,269.8977498801662,269.671142578125,269.8022766113281,269.457275390625,-0.07842045170994849,66513.82034301758,87336.24013519318
226,2025-11-04 20:20:00+00:00,269.489990234375,269.6199951171875,269.2799987792969,269.5799865722656,237380,270.0879791259766,270.2509536743164,270.36001953125,269.9533453041854,270.15445440209845,270.0152885904915,34.72344561536095,-0.13444254193689176,-0.017791672854369705,-0.11665086908252205,0.3842809111126457,270.8886444643322,270.2509536743164,269.61326288430064,0.4732574961030418,-7819269.0,207322.75,269.8966933632509,269.4633280436198,269.64665730794275,269.3066609700521,-0.036507203578772796,80708.33068847656,85146.36760101348
227,2025-11-04 20:25:00+00:00,270.09051513671875,270.1000061035156,269.4800109863281,269.4849853515625,296692,270.06603088378904,270.2447250366211,270.3616278076172,269.9807792706921,270.14864174160937,270.01823865112783,48.599667236980636,-0.12007699330763444,-0.03824873694502265,-0.08182825636261179,0.40111764011799245,270.8861182029977,270.2447250366211,269.6033318702445,0.4749468274011157,-7522577.0,210536.9,269.8973190145161,269.8901774088542,270.30034383138025,269.68034871419275,0.22283755393714966,183947.59130859375,88766.15812835723
228,2025-11-04 20:30:00+00:00,270.1650085449219,270.3099975585937,269.9301147460937,270.1000061035156,276819,270.04808044433594,270.23497619628904,270.34712768554687,270.0176251255381,270.1501296328196,270.0239943332374,50.01901978270532,-0.10151104095444907,-0.050901197746907934,-0.05060984320754114,0.39960086671670725,270.87499103221455,270.23497619628904,269.5949613603635,0.47379550695521977,-7245758.0,207774.7,269.898122809304,270.13504028320307,270.33996582031244,269.96008300781244,0.0275809049293807,105158.7802734375,85556.83518981964
229,2025-11-04 20:35:00+00:00,270.1300048828125,270.32000732421875,270.1099853515625,270.19000244140625,178200,270.0283905029297,270.21697692871095,270.33752807617185,270.040101076993,270.14830011009167,270.02815160969135,49.32971189001103,-0.08860056083511836,-0.05844107036455002,-0.03015949047056834,0.38605951714096026,270.8474691642097,270.21697692871095,269.5864846932122,0.4668065184186283,-7423958.0,211342.75,269.89857016617344,270.18666585286456,270.26334635416663,270.0533243815104,-0.012956401089059266,37425.91552734375,85986.35222473144
230,2025-11-04 20:40:00+00:00,270.0599975585937,270.3099975585937,270.010009765625,270.1199951171875,193208,269.9973907470703,270.18572692871095,270.32252807617186,270.04408037331314,270.14027260541,270.0294004704326,47.90771638521532,-0.08306044915985922,-0.06336494612361186,-0.019695503036247355,0.37991153684294116,270.7813224723185,270.18572692871095,269.5901313851034,0.44108386950445744,-7617166.0,211669.95,269.8989071228738,270.1266682942708,270.24332682291663,269.94333902994794,-0.025916159979777476,57960.04150389527,85758.6665313715
231,2025-11-04 20:45:00+00:00,270.0400085449219,270.3399963378906,270.0400085449219,270.07000732421875,270486,269.9613922119141,270.15672760009767,270.29712829589846,270.0432660076349,270.1311576908202,270.0298164733538,47.48680068500083,-0.07936791319252734,-0.06656553953739495,-0.012802373655132385,0.3742026979947846,270.7205531093707,270.15672760009767,269.5929020908246,0.4175866474832012,-7887652.0,216953.05,269.8993182543036,270.14000447591144,270.240000406901,269.94001261393225,-0.007401693643083185,81142.49816894531,87426.02452087347
232,2025-11-04 20:50:00+00:00,269.81500244140625,270.4049987792969,269.79998779296875,270.0400085449219,627029,269.9188934326172,270.1329772949219,270.2725244140625,269.99761329438917,270.10241630450986,270.02139239366954,42.91595980806614,-0.09351962787815182,-0.07195635720554633,-0.021563270672605495,0.3906890043043089,270.71215373752455,270.1329772949219,269.5538008523192,0.4293137426473788,-8514681.0,238990.3,269.89875256550016,270.0066630045573,270.21333821614587,269.60832722981775,-0.08332324707291949,379359.4337463379,101504.09805755559
233,2025-11-04 20:55:00+00:00,270.010009765625,270.2799987792969,269.5,269.82000732421875,1976810,269.9188934326172,270.1364776611328,270.256220703125,270.00009258863633,270.0940157100658,270.0209460160992,47.62158022160402,-0.08798526306020449,-0.07516213837647796,-0.012823124683726525,0.4184968453752065,270.711779916687,270.1364776611328,269.5611754055786,0.4261340207747083,-6537871.0,328046.1,269.9010571025957,269.9300028483073,270.3600056966146,269.58000691731775,0.07227445562858481,1541909.3869018555,173462.65962371771
234,2025-11-05 14:30:00+00:00,267.2099914550781,269.1499938964844,267.1199951171875,268.5899963378906,4514256,269.65989379882814,269.97103729248045,270.1892205810547,269.4420723619247,269.8318316868851,269.9107125039023,20.93562507700305,-0.30600982522020104,-0.12133167574522258,-0.18467814947497846,0.5950338313082274,271.35129851082576,269.97103729248045,268.59077607413514,1.0330910239015914,-11052127.0,538320.35,269.77951428172724,267.82666015625,268.5333251953125,266.5033264160156,-1.0370053736072027,9163934.169433594,620855.4926666254
235,2025-11-05 14:35:00+00:00,267.67498779296875,268.1300048828125,266.92999267578125,267.21661376953125,538881,269.4685516357422,269.8292663574219,270.1317205810547,269.0886554481335,269.6357549692563,269.82303702504214,28.137636269055022,-0.43624577345997295,-0.18431449528817268,-0.2519312781718003,0.6382465724313003,271.50882280850055,269.8292663574219,268.1497099063432,1.2549222211062232,-10513246.0,558493.85,269.7682285198504,267.5783284505208,268.2266642252604,267.02665201822913,0.17401906843321768,646663.778137207,651522.4915344233
236,2025-11-05 14:40:00+00:00,267.8999938964844,268.1000061035156,266.95001220703125,267.65399169921875,451939,269.30955200195314,269.69876556396486,270.0879205322266,268.8509231378037,269.47795850809524,269.7476235690203,31.39422613706503,-0.5153618183991853,-0.2505239599103752,-0.2648378584888101,0.6747999527208056,271.54390083600657,269.69876556396486,267.85363029192314,1.3774806376103688,-10061307.0,572685.05,269.7598639035084,267.65000406901044,268.3499959309896,267.20000203450525,0.08405944289784362,519727.09158325195,674987.9932922358
237,2025-11-05 14:45:00+00:00,268.0249938964844,268.3099975585937,267.69000244140625,267.875,369658,269.1029998779297,269.5845153808594,270.04401611328126,268.6857372895398,269.3458708161306,269.68006946421497,33.20516930012641,-0.5615027445663827,-0.3127197168415767,-0.24878302772480604,0.6708853216112798,271.5435695310794,269.5845153808594,267.62546123063936,1.4618443763320412,-9691649.0,580141.1,269.7535337492158,268.0083312988281,268.32666015625,267.70666503906256,0.046659202257504084,229186.15502927586,681375.0442672707
238,2025-11-05 14:50:00+00:00,268.52508544921875,268.7099914550781,267.95001220703125,268.0350036621094,309135,268.9390075683594,269.49354400634763,270.01811767578124,268.6536069214756,269.2712539645932,269.6347759734308,40.02591661700952,-0.5513608079315304,-0.3604479350595674,-0.190912872871963,0.6772491734995365,271.4718637726762,269.49354400634763,267.51522424001905,1.4734711008612307,-9382514.0,585228.3,269.7497966972911,268.39502970377606,268.84004720052087,268.080067952474,0.1865839246796286,234936.1848449707,689704.1551452614
239,2025-11-05 14:55:00+00:00,269.2349853515625,269.57000732421875,268.44000244140625,268.5,355341,268.84950561523436,269.438948059082,270.0161651611328,268.769882607493,269.26795681795403,269.6190979098281,48.12409073822021,-0.4805013404900933,-0.38445861614567256,-0.09604272434442074,0.7095888670218911,271.38221820727995,269.438948059082,267.49567791088407,1.4435495042818822,-9027173.0,594405.85,269.74800278372965,269.0816650390625,269.72332763671875,268.59332275390625,0.2643700498804913,401537.06506347656,707204.0011199929
240,2025-11-05 15:00:00+00:00,269.07501220703125,269.5199890136719,268.69000244140625,269.20001220703125,302141,268.7510070800781,269.3741989135742,270.0023254394531,268.83090852740065,269.25041639877924,269.59776121560077,46.59716595691958,-0.43227025541466446,-0.39402094399947096,-0.0382493114151935,0.7181887031107292,271.27489594294457,269.3741989135742,267.47350188420387,1.4127636853234946,-9329314.0,600176.5,269.7460146671003,269.0950012207031,269.5,268.6700134277344,-0.059417666066818864,250772.9729309082,717222.7791122415
241,2025-11-05 15:05:00+00:00,269.1099853515625,269.58990478515625,268.989990234375,269.1199951171875,250685,268.6580047607422,269.3096984863281,269.98432495117186,268.886723892233,269.2376499399414,269.57863275034435,46.99313344007211,-0.38676633101499647,-0.3925700214025761,0.0058036903875796075,0.7097405493729093,271.15347685394295,269.3096984863281,267.46592011871326,1.370278672644683,-9078629.0,603693.45,269.7444595413218,269.22996012369794,269.46993001302087,268.8700154622396,0.012997544530191085,150389.57916259766,722218.5258224464
242,2025-11-05 15:10:00+00:00,268.8800048828125,269.31500244140625,268.8500061035156,269.1300048828125,256145,268.5645050048828,269.24169921875,269.9619250488281,268.8853800903489,269.20513675292966,269.5512355790686,44.64866366411358,-0.36505353497801707,-0.3870667241176643,0.022013189139647227,0.6922588199813176,271.043049223214,269.24169921875,267.440349214286,1.339891380356882,-9334774.0,608793.85,269.74230524969965,269.01500447591144,269.18000284830725,268.71500651041663,-0.08545965637416497,119106.48696899414,726093.0853408792
243,2025-11-05 15:15:00+00:00,269.0400085449219,269.0862121582031,268.55499267578125,268.885498046875,260560,268.4675048828125,269.19319915771484,269.9385272216797,268.91630578126353,269.1901250976562,269.53118746008244,46.64311902278905,-0.3311181059491446,-0.37587700048396033,0.04475889453481574,0.6807560101556431,270.9611155644476,269.19319915771484,267.4252827509821,1.3142405222883875,-9074214.0,610732.15,269.740529404082,268.89373779296875,269.23248291015625,268.7012634277344,0.0595074602810719,138414.54833984375,729243.3553695662
244,2025-11-05 15:20:00+00:00,269.0599975585937,269.25,268.625,269.010009765625,223684,268.6525054931641,269.1561996459961,269.9153271484375,268.94504413672956,269.1782953213778,269.51270942472996,46.900533219586144,-0.29916252820112277,-0.36053410602739283,0.06137157782627006,0.6767734380016687,270.9026138607299,269.1561996459961,267.40978543126226,1.2981596897201326,-8850530.0,604092.1,269.739055332826,268.97833251953125,269.3316650390625,268.7066650390625,0.007429755068755206,139802.5,726429.8164978011
245,2025-11-05 15:25:00+00:00,269.0101013183594,269.3799133300781,269.00201416015625,269.09991455078125,163128,268.7860168457031,269.12728424072264,269.8846893310547,268.9580555730555,269.163004957467,269.4929993029115,46.30007213183593,-0.27469717416425965,-0.3433667196547662,0.06866954549050652,0.6554252759959691,270.8632353035792,269.12728424072264,267.3913331778661,1.2906214706057717,-9013658.0,602608.85,269.7379056494497,269.13067626953125,269.25933837890625,268.8814392089844,-0.01854465200590294,61645.935791015625,726186.422270201
246,2025-11-05 15:30:00+00:00,269.1300048828125,269.3399963378906,268.9599914550781,268.989990234375,164930,268.9090179443359,269.10928497314455,269.8548895263672,268.9924454350069,269.1600049506803,269.4787642276135,48.02223278802992,-0.2428337529065061,-0.32326012630511414,0.08042637339860803,0.6357523907685785,270.8372666139109,269.10928497314455,267.3813033323782,1.2841241105901777,-8848728.0,598986.35,269.73693783971146,269.14333089192706,269.326670328776,268.9466654459635,0.04457214203685833,62674.205322265625,725284.7160018905
247,2025-11-05 15:35:00+00:00,269.3399963378906,269.3500061035156,269.0599975585937,269.1300048828125,123245,269.04051818847654,269.07175903320314,269.82628967285154,269.06195561558366,269.17636780406303,269.47332234958515,50.98683817213576,-0.19835074265091635,-0.29827824957427457,0.09992750692335822,0.6110564017795322,270.7445921946773,269.07175903320314,267.398925871729,1.2421721127340979,-8725483.0,590314.0,269.7364661709708,269.25,269.4400024414063,269.1499938964844,0.07802602878470566,35742.10311890349,717874.4415924059
248,2025-11-05 15:40:00+00:00,269.3183898925781,269.739990234375,269.2799987792969,269.32000732421875,225957,269.1198486328125,269.02942810058596,269.8019573974609,269.1132424709825,269.18927890301893,269.46724656695744,50.666626143235725,-0.16296256509497198,-0.271215112678414,0.10825254758344205,0.6002660484437173,270.63078053271767,269.02942810058596,267.42807566845426,1.1891890730302002,-8951440.0,587770.9,269.7355573517542,269.4461263020833,269.61225382486975,269.15226236979163,-0.008021996586571323,103938.28921508789,717813.4170394884
249,2025-11-05 15:45:00+00:00,269.0,269.3399963378906,268.8500061035156,269.30670166015625,164428,269.0963500976562,268.9729278564453,269.77355712890625,269.090593976786,269.1720717300172,269.4489231721748,46.07462484585307,-0.15877828561895058,-0.24872774726652133,0.08994946164757076,0.5923892045816661,270.4926251465098,268.9729278564453,267.45323056638085,1.1298864610144765,-9115868.0,587082.3,269.73439563023686,269.06333414713544,269.27666219075525,268.78667195638025,-0.11822062827017144,80568.1142578125,719970.5269760119
250,2025-11-05 15:50:00+00:00,269.098388671875,269.1099853515625,268.760009765625,269.0199890136719,200165,269.09868774414065,268.9248474121094,269.74092468261716,269.0921529158038,269.1653732701861,269.43517672118264,47.65346606468441,-0.14584189584439855,-0.2281505769820968,0.08230868113769824,0.5750739461070828,270.36256675632035,268.9248474121094,267.4871280678984,1.0685454872522808,-8915703.0,587430.15,269.7331751646548,268.9894612630208,269.21891276041663,268.86893717447913,0.03657571445168095,70052.86315917969,720575.1680587761
251,2025-11-05 15:55:00+00:00,269.37091064453125,269.3900146484375,268.8999938964844,269.0747985839844,149314,269.1247802734375,268.89139251708986,269.7195391845703,269.1479044615493,269.18405848603567,269.4326564828826,51.85793461594139,-0.11230488728097043,-0.20498143904187152,0.09267655176090109,0.5689987179532288,270.2528761210131,268.89139251708986,267.5299089131666,1.0108616410477298,-8766389.0,581371.55,269.7326573424923,269.2203063964844,269.5406188964844,269.05059814453125,0.10127224246911926,73166.9585571289,720176.3910781853
252,2025-11-05 16:00:00+00:00,269.0849914550781,269.4100036621094,268.92999267578125,269.3999938964844,170004,269.14527893066406,268.8548919677734,269.6898388671875,269.13532186025503,269.17505239231224,269.4190225602236,47.543346081180886,-0.10755799383542808,-0.18549675000058283,0.07793875616515475,0.5626424514085785,270.15304199556715,268.8548919677734,267.5567419399797,0.964862455370679,-8936393.0,558520.3,269.73160499725907,269.14166259765625,269.35333251953125,268.8733215332031,-0.10614330581167897,81603.78771972656,705288.6087768547
253,2025-11-05 16:05:00+00:00,269.2149963378906,269.4200134277344,268.9599914550781,269.0899963378906,193719,269.16277770996095,268.81514129638674,269.6613708496094,269.15125675578213,269.1786836600921,269.41102153189684,49.596792554850886,-0.09224242576817687,-0.16684588515410165,0.07460345938592478,0.5553124172119837,270.01428625725526,268.81514129638674,267.6159963355182,0.8908455897185468,-8742674.0,469365.75,269.73065027152586,269.1983337402344,269.4366760253906,268.9766540527344,0.04831368784616874,89114.9965209961,632648.8892578117
254,2025-11-05 16:10:00+00:00,269.20001220703125,269.44000244140625,269.114990234375,269.239990234375,103865,269.17677917480466,268.9146423339844,269.6371710205078,269.16100784603196,269.18062261890475,269.4027466564119,49.356971184769705,-0.08038716862427009,-0.14955414184813534,0.06916697322386525,0.5388624021990741,269.8699803539026,268.9146423339844,267.9593043140662,0.709760755273286,-8846539.0,248846.2,269.7301250019576,269.2516682942708,269.38834635416663,269.0633341471354,-0.005565860395295719,33757.39288330078,176140.05043029715
255,2025-11-05 16:15:00+00:00,269.19000244140625,269.4100036621094,269.1600036621094,269.2300109863281,141253,269.19476928710935,268.9903930664062,269.612958984375,269.1668067651068,269.1814753300412,269.3944037460195,49.18587052447293,-0.07098126847733965,-0.13383956717397621,0.06285829869663656,0.5182293734705689,269.7633963005524,268.9903930664062,268.21738983226004,0.5743179368739335,-8987792.0,228964.8,269.72939886196684,269.2533365885417,269.346669514974,269.096669514974,-0.0037183377307181686,35313.25,145572.5240234368
256,2025-11-05 16:20:00+00:00,269.8299865722656,269.8599853515625,269.0801086425781,269.20001220703125,183286,269.2647674560547,269.08689270019534,269.5970489501953,269.2994427265386,269.24043089751615,269.4114854254802,58.9775057695772,-0.011750205006194392,-0.10942169474041985,0.09767148973422546,0.5369184688644121,269.76768243552567,269.08689270019534,268.406102964865,0.5046064330941273,-8804506.0,215532.15,269.7295740270848,269.59002685546875,270.0999450683594,269.320068359375,0.2377443905996035,142940.48248291016,126733.19356841971
257,2025-11-05 16:25:00+00:00,270.2900085449219,270.3800048828125,269.79998779296875,269.8475036621094,349269,269.3597686767578,269.2001434326172,269.5985473632812,269.49755589021527,269.3358470472803,269.4459373125171,64.30232343914354,0.07148671382276461,-0.07324001302778296,0.14472672685054758,0.5399969417915076,269.8901749416237,269.2001434326172,268.51011192361074,0.5105860277419698,-8455237.0,214512.7,269.73142764208217,270.1566670735677,270.51334635416663,269.9333292643229,0.1704858598186476,202581.98895263672,125402.98526458775
258,2025-11-05 16:30:00+00:00,270.3872985839844,270.44390869140625,270.17999267578125,270.2799987792969,139497,269.46665954589844,269.29325408935546,269.5990936279297,269.6755044289691,269.43143355061704,269.48285344080995,65.32737081671698,0.14364718936809595,-0.029862572548607177,0.17350976191670314,0.5202768756367571,270.0883590638212,269.29325408935546,268.4981491148897,0.5881230210366396,-8315740.0,206030.8,269.73229289795484,270.3370666503906,270.494140625,270.230224609375,0.03599468570305575,36815.492431640625,115496.95064392124
259,2025-11-05 16:35:00+00:00,270.3800048828125,270.4617919921875,270.17999267578125,270.3699951171875,164326,269.6046600341797,269.35050506591796,269.5968939208984,269.8164045197378,269.51766730808936,269.51803585030024,65.17627314108438,0.19796433576323125,0.015702809113760513,0.18226152664947073,0.5032427642631494,270.27495497337327,269.35050506591796,268.42605515846265,0.6838152901550429,-8480066.0,196480.05,269.7332979189146,270.34059651692706,270.5012003580729,270.21940104166663,-0.002697501402648683,46306.95446777344,97735.44511413609
260,2025-11-05 16:40:00+00:00,270.3349914550781,270.42999267578125,270.1000061035156,270.3900146484375,128908,269.7283203125,269.4135040283203,269.58989379882814,269.92012190680583,269.59196950327015,269.5500733249974,64.1895266748924,0.23467368601689031,0.05949698449438648,0.17517670152250384,0.4908673219776119,270.4221643187104,269.4135040283203,268.4048437379302,0.7462299164166418,-8608974.0,187818.4,269.7340294180396,270.288330078125,270.4766540527344,270.14666748046875,-0.016648208788172525,42537.90905761719,87323.69192047154
261,2025-11-05 16:45:00+00:00,270.3599853515625,270.4700012207031,270.1830139160156,270.3493957519531,109831,269.8272277832031,269.4760040283203,269.58469360351563,270.00809459575714,269.6617891258422,269.5818345809411,64.51081038309432,0.2627540440717553,0.10014839640986024,0.16260564766189506,0.47630446359974676,270.5542021747754,269.4760040283203,268.39780588186517,0.7976018677860837,-8499143.0,180775.7,269.7346771236749,270.33766682942706,270.4923197428385,270.205332438151,0.009245527687640198,31520.102661132812,81380.2180953983
262,2025-11-05 16:50:00+00:00,270.19000244140625,270.3900146484375,270.07000732421875,270.3349914550781,125366,269.93772888183594,269.54150390625,269.5826934814453,270.044476164887,269.7098085181662,269.60568430095935,60.53314833739285,0.2682000862496352,0.13375873437781524,0.13444135187181996,0.46514038221538984,270.6260619071964,269.54150390625,268.4569459053036,0.8028113484188595,-8624509.0,174236.75,269.7352142765453,270.2166748046875,270.36334228515625,270.0433349609375,-0.06287280639374337,40118.03820800781,77430.79565734898
263,2025-11-05 16:55:00+00:00,269.99090576171875,270.3099975585937,269.9750061035156,270.1849975585937,158478,270.01531982421875,269.5890487670898,269.5837115478516,270.03376208425334,269.7353628130346,269.6207910249107,56.16493271845565,0.2535281609580693,0.15771261969386605,0.09581554126420325,0.4558440302770097,270.6648354040831,269.5890487670898,268.51326213009656,0.7969058320376877,-8782987.0,169132.65,269.7355950217115,270.0919698079427,270.20893351236975,269.8739420572917,-0.07368765605259009,53088.775817862086,73164.5070312499
264,2025-11-05 17:00:00+00:00,269.7239990234375,270.010009765625,269.6300048828125,270.010009765625,155808,270.0677185058594,269.622248840332,269.5678155517578,269.9718094720902,269.7343297412531,269.62483839740196,50.8656663782274,0.21785214736581793,0.16974052522825642,0.04811162213756151,0.45042694831525903,270.67132995584313,269.622248840332,268.5731677248209,0.7778923042142463,-8938795.0,165738.85,269.73557807007205,269.7880045572917,269.94600423177087,269.56599934895837,-0.09885767727184636,59207.80078125,69134.77207031239
265,2025-11-05 17:05:00+00:00,269.5599975585937,269.9800109863281,269.5,269.7550048828125,133746,270.10471801757814,269.6497436523438,269.5488073730469,269.8894470893909,269.7184813610113,269.6222956194095,47.876527971364865,0.17433547117502712,0.17065951441761057,0.003675956757416554,0.4525400938876066,270.66136485357544,269.6497436523438,268.6381224511121,0.7505721994316077,-9072541.0,164269.75,269.7353580175818,269.6800028483073,269.8600056966146,269.3799947102865,-0.06080343812103761,64199.549377441406,69262.45274963368
266,2025-11-05 17:10:00+00:00,269.7077941894531,269.8399963378906,269.5400085449219,269.5400085449219,121823,270.0924987792969,269.67863311767576,269.53276306152344,269.8531165094033,269.71750979996057,269.62564850450923,50.68886751447028,0.15004452481292674,0.1665365164966738,-0.01649199168374707,0.44164350096483107,270.6618357139668,269.67863311767576,268.6954305213847,0.7290872696103186,-8950718.0,162114.4,269.7353265877173,269.69593302408856,269.85185750325525,269.5518697102865,0.0548288441156064,36545.41290283203,67956.013128662
267,2025-11-05 17:15:00+00:00,269.6875,269.7699890136719,269.6099853515625,269.70001220703125,101611,270.03224792480466,269.6960083007813,269.52031311035154,269.81999320752266,269.7147816363278,269.628074053352,50.28764291175517,0.12768433776585653,0.15876608075051035,-0.031081742984653826,0.42152636961801276,270.66686385539066,269.6960083007813,268.7251527461719,0.7199855793163467,-9052329.0,161032.7,269.7352811443026,269.6891581217448,269.7683308919271,269.60832722981775,-0.007524509817791181,16258.132110595703,66981.81457824662
268,2025-11-05 17:20:00+00:00,269.80499267578125,269.8099975585937,269.5899963378906,269.7049865722656,105881,269.97401733398436,269.72033843994143,269.5095227050781,269.8169931011744,269.7229826399145,269.6350120385453,52.625630380279986,0.11808321563728441,0.15062950772786515,-0.03254629209058074,0.40713171612408816,270.67639757598323,269.72033843994143,268.7642793038996,0.7087038134914552,-8946448.0,155028.9,269.7353500973892,269.73499552408856,269.8799947102865,269.6599934895834,0.04356622972190305,23293.94924926156,62949.5975799553
269,2025-11-05 17:25:00+00:00,269.9700012207031,270.0899963378906,269.7799987792969,269.79998779296875,186566,269.9330169677734,269.7688385009766,269.5023846435547,269.8475947250801,269.74543887453166,269.6481488692182,55.771632808556646,0.12237836609284614,0.14497927940086136,-0.022600913308015225,0.40019356201477824,270.6706859687276,269.7688385009766,268.8669910332256,0.6681093926533919,-8759882.0,156135.8,269.73575835090537,269.94666544596356,270.11333211263025,269.8033345540365,0.061158447545905936,57835.00451660156,61812.94209289475
270,2025-11-05 17:30:00+00:00,270.260009765625,270.2984924316406,269.92999267578125,269.9700012207031,114996,269.92551879882814,269.82691955566406,269.50018493652345,269.9300777331891,269.79221804644925,269.6721434141753,60.71003336036635,0.14748347198661804,0.14548011791801269,0.0020033540686053564,0.39792971871796373,270.69765744222525,269.82691955566406,268.9561816691029,0.6443704988513165,-8644886.0,151877.35,269.73631995679375,270.16283162434894,270.39567057291663,270.02717081705725,0.10742250754178784,42375.99792480469,60429.098831176
271,2025-11-05 17:35:00+00:00,270.5356140136719,270.760009765625,270.25,270.260009765625,215906,269.9430816650391,269.8851547241211,269.5028973388672,270.0511849892856,269.8597994980149,269.7060050063124,64.73938429584099,0.18745751522925502,0.15387559738026116,0.033581917848993864,0.4059354363541806,270.78152511032755,269.8851547241211,268.98878433791464,0.6626635014206721,-8428980.0,155206.95,269.737924339563,270.5152079264323,270.7804158528646,270.2704060872396,0.10197744323545699,110114.16845703125,62276.45932617112
272,2025-11-05 17:40:00+00:00,270.69500732421875,270.7699890136719,270.45001220703125,270.5950012207031,111226,269.9935821533203,269.9656555175781,269.5119976806641,270.17994945627225,269.93572748221527,269.74478941093616,66.85639037790094,0.2293550779817224,0.1689714935005534,0.060383584481168984,0.39979553423178377,270.84921556286173,269.9656555175781,269.0820954722945,0.652808527218496,-8317754.0,152268.05,269.73891299226227,270.6383361816406,270.82666015625,270.5066833496094,0.05891768118144736,35589.740295410156,59975.7569549553
273,2025-11-05 17:45:00+00:00,270.5899963378906,270.7900085449219,270.4700012207031,270.69000244140625,107420,270.0534912109375,270.03440551757814,269.5235974121094,270.26195883259595,269.99520646909485,269.7779347806206,64.12484829907847,0.25119012592421086,0.1854152199852849,0.06577490593892596,0.3940963763737099,270.8870687305518,270.03440551757814,269.1817423046045,0.6302252296932047,-8425174.0,147953.1,269.7397612191395,270.6166687011719,270.7633361816406,270.4433288574219,-0.0387931005326414,34375.186767578125,57238.7664672844
274,2025-11-05 17:50:00+00:00,270.4800109863281,270.6000061035156,270.4599914550781,270.5599975585937,115986,270.12909240722655,270.098405456543,269.5371978759766,270.30556926334236,270.03927960702515,269.80546718084446,61.299906061329025,0.25666103144197905,0.19966438227662373,0.05699664916535532,0.3759476815211235,270.88014773721346,270.098405456543,269.3166631758725,0.5780407046123536,-8541160.0,148559.15,269.74055695977927,270.5133361816406,270.5666809082031,270.4266662597656,-0.04064649582431468,16239.739013671875,56362.883773802954
275,2025-11-05 17:55:00+00:00,270.5400085449219,270.6099853515625,270.4314880371094,270.4800109863281,74252,270.2270935058594,270.16590576171876,269.5562298583984,270.35245711965825,270.0848004195612,269.8342727245338,62.27620323582567,0.262808571419896,0.21229322010527818,0.05051535131461782,0.36184408387340933,270.8491767757097,270.16590576171876,269.48263474772784,0.5051164281880802,-8466908.0,145209.1,269.74110674017095,270.52716064453125,270.6228332519531,270.4443359375,0.022181882637073436,13253.782592773438,55259.91040344162
276,2025-11-05 18:00:00+00:00,270.3399963378906,270.6700134277344,270.3299865722656,270.5400085449219,91510,270.2903137207031,270.19140625,269.57322998046874,270.3499649633047,270.10800004850023,269.8541050230968,57.10434322538492,0.24867466091097867,0.21956950826641827,0.0291051526445604,0.36028571041593366,270.86054849523356,270.19140625,269.52226400476644,0.49503754849298437,-8558418.0,140620.3,269.74161389004706,270.44666544596356,270.5633443196615,270.22331746419275,-0.07393073139422279,31115.857543945312,49668.67915649339
277,2025-11-05 18:05:00+00:00,270.2850952148437,270.3800048828125,270.2040100097656,270.3304138183594,77256,270.3500732421875,270.19116058349607,269.5771215820312,270.33699101361253,270.1240996090769,269.87100659924374,55.73607751007567,0.23038760826449334,0.22173312826603328,0.008654479998460057,0.3471220791752866,270.86016143917163,270.19116058349607,269.5221597278205,0.49503347947750415,-8635674.0,127019.65,269.74200215435644,270.2897033691406,270.3753967285156,270.19940185546875,-0.02030817629304904,13596.659912109375,40219.412704467024
278,2025-11-05 18:10:00+00:00,270.3800048828125,270.42999267578125,270.1700134277344,270.260009765625,78874,270.40757446289064,270.1907958984375,269.58142150878905,270.3455937874525,270.147363724871,269.8909673162464,57.626294477177176,0.2210057871599247,0.22158766004481156,-0.0005818728848868693,0.34089759123754293,270.8593765022051,270.1907958984375,269.5222152946699,0.4945488510198065,-8556800.0,123988.5,269.7424671516075,270.32667032877606,270.48332722981775,270.22334798177087,0.035114651029255484,20505.60321044922,39403.918243407454
279,2025-11-05 18:15:00+00:00,270.1000061035156,270.6300048828125,270.081787109375,270.3699951171875,160210,270.4205749511719,270.17679595947266,269.5808215332031,270.29647625066514,270.14305848656596,269.8991649157472,50.74199623658462,0.18880068809238537,0.2150302656543263,-0.026229577561940942,0.355706175680397,270.8406518022495,270.17679595947266,269.5129401166958,0.49156299724216385,-8717010.0,123782.7,269.74299567535496,270.2705993652344,270.45941162109375,269.91119384765625,-0.10355750212307502,87829.96948242188,41480.068994139874
280,2025-11-05 18:20:00+00:00,270.07000732421875,270.2950134277344,270.0400085449219,270.0799865722656,162296,270.4015747070313,270.1635467529297,269.5810217285156,270.25118246537585,270.13641747180714,269.9058646180402,50.05208489711761,0.15902413306025664,0.20382903913551237,-0.044804906075255724,0.3485132261898329,270.82481675351676,270.1635467529297,269.5022767523426,0.4897026568324018,-8879306.0,125452.1,269.7434846346471,270.135009765625,270.2300109863281,269.9750061035156,-0.011106545212513641,41386.2724609375,41422.48716430589
281,2025-11-05 18:25:00+00:00,270.1199951171875,270.1199951171875,269.9700012207031,270.0599975585937,116660,270.3600128173828,270.15154724121095,269.58262145996093,270.22494499573816,270.1349245304781,269.91426189251655,51.24173444979804,0.13787031265297855,0.1906372938390056,-0.052766981186027045,0.33433327406801444,270.8068058046072,270.15154724121095,269.4962886778147,0.4851610952473173,-8762646.0,125793.55,269.7438888698985,270.0699971516927,270.16999308268225,270.0199991861979,0.018509198212712796,17498.287963867188,40721.39642944261
282,2025-11-05 18:30:00+00:00,269.9849853515625,270.1300048828125,269.8500061035156,270.1099853515625,110908,270.2890106201172,270.14129638671875,269.58602111816407,270.176953066903,270.1212936960312,269.91703536149873,47.92186292326256,0.10895562518834367,0.17430096010887322,-0.06534533492052955,0.33045223872721874,270.8002321020503,270.14129638671875,269.4823606713872,0.4881276745619872,-8873554.0,125070.65,269.7441347060949,269.9883321126302,270.12665812174475,269.8466593424479,-0.04998140384476768,31054.104614257812,40268.199749755106
283,2025-11-05 18:35:00+00:00,269.8529968261719,270.1000061035156,269.8299865722656,269.9849853515625,104025,270.21531066894534,270.13440093994143,269.582880859375,270.1121618187568,270.09690307149856,269.9145240463879,44.86180348945267,0.07453100905024712,0.154346969897148,-0.07981596084690087,0.32613561676456027,270.802312571392,270.13440093994143,269.46648930849085,0.49501887272411516,-8977579.0,122348.0,269.74423872000966,269.9276631673177,270.02533976236975,269.75532023111975,-0.048887357650184704,28088.78173828125,39018.20004577607
284,2025-11-05 18:40:00+00:00,270.1159973144531,270.19000244140625,269.82000732421875,269.840087890625,119498,270.1789093017578,270.1540008544922,269.6410009765625,270.11292891789606,270.0986389117672,269.92242495886103,51.506629326887,0.06769089565335662,0.13701575504838973,-0.0693248593950331,0.3292684382233417,270.7950555424252,270.1540008544922,269.51294616655923,0.47465140480865375,-8858081.0,120532.5,269.7446463087433,270.04200236002606,270.26399739583337,269.89400227864587,0.09746065130811221,44213.676513671875,38268.493832397166
285,2025-11-05 18:45:00+00:00,270.2099914550781,270.3500061035156,270.0799865722656,270.1300048828125,126061,270.1459075927734,270.1865005493164,269.6917010498047,270.13234142533247,270.10876187025,269.93370207635974,53.65619937869969,0.06905853431641162,0.1234243109019941,-0.054365776585582476,0.32503637343953157,270.7668325221675,270.1865005493164,269.60616857646534,0.42954146123612097,-8732020.0,120148.25,269.7451839027776,270.2133280436198,270.346669514974,270.076649983724,0.034797694901267384,34038.93212890625,36760.46296997041
286,2025-11-05 18:50:00+00:00,270.2550048828125,270.2799987792969,269.97979736328125,270.2380065917969,115404,270.1374084472656,270.2138610839844,269.7388012695312,270.1568741168285,270.12205668957387,269.9463021864167,54.69198587591024,0.07293386899345933,0.11332622252028715,-0.04039235352682782,0.3232624479092525,270.75135286638385,270.2138610839844,269.67636930158494,0.3977663855901746,-8616616.0,119827.3,269.7457225172331,270.1716003417969,270.3634033203125,270.0632019042969,0.016658683674863894,34644.44421386719,36665.41453552216
287,2025-11-05 18:55:00+00:00,270.07000732421875,270.3299865722656,270.0400085449219,270.2449951171875,75273,270.11589965820315,270.2329864501953,269.77970153808593,270.13950075830655,270.11732492908703,269.9511533682913,49.76881929469761,0.060381304661802915,0.1027372389485903,-0.04235593428678738,0.3208849892974309,270.7189513464273,270.2329864501953,269.74702155396335,0.35988068504664583,-8691889.0,118510.4,269.7459458261678,270.14666748046875,270.2533264160156,269.9633483886719,-0.0684529630354036,21827.516052246094,36943.883732604685
288,2025-11-05 19:00:00+00:00,269.9330139160156,270.04998779296875,269.8800964355469,270.04998779296875,93636,270.0712005615234,270.23938751220703,269.8078601074219,270.0982033898484,270.1005693824442,269.95044201722163,46.435411166552406,0.03893031936394209,0.08997585503166065,-0.051045535667718564,0.31152969639560546,270.7056052253575,270.23938751220703,269.7731697990566,0.34543215473118144,-8785525.0,117898.15,269.74610593340947,269.95436604817706,270.02863566080725,269.8587443033854,-0.05072514699444586,15907.947143554688,36574.583627319334
289,2025-11-05 19:05:00+00:00,270.0400085449219,270.0599975585937,269.7699890136719,269.94000244140625,110216,270.06520080566406,270.24288787841795,269.82396057128904,270.08656442086306,270.09506385176036,269.9539544300726,49.29204289964393,0.03021552556054985,0.07802378913743849,-0.04780826357688864,0.30999247129033497,270.70195927327654,270.24288787841795,269.78381648355935,0.34000250357882017,-8675309.0,114080.65,269.74640172049084,269.9566650390625,270.1433410644531,269.8533325195313,0.03963747425852482,31963.58178710311,35281.01249084441
290,2025-11-05 19:10:00+00:00,270.6000061035156,271.70001220703125,270.0350036621094,270.0350036621094,1154683,270.1182006835937,270.2598876953125,269.8544604492188,270.18925275739355,270.140967692829,269.9792897898155,61.011797829367445,0.06771552910032597,0.07596213713001598,-0.008246608029690017,0.40677933369258784,270.7446955170011,270.2598876953125,269.7750798736239,0.3583206287904859,-7520626.0,166065.0,269.7553079813704,270.77834065755206,271.52167765299475,269.8566691080729,0.2073757742829363,1922557.0616760254,129290.06567840543
291,2025-11-05 19:15:00+00:00,270.75,270.9599914550781,270.3971862792969,270.5849914550781,208929,270.181201171875,270.2706069946289,269.8872607421875,270.3014022059148,270.19633426620817,270.0095137196266,63.44859103772317,0.10828951188835845,0.08242761208168448,0.02586189980667397,0.41792403669892086,270.78772982739997,270.2706069946289,269.75348416185784,0.38199285892599455,-7311697.0,165716.15,269.7571823035273,270.702392578125,271.0075988769531,270.4447937011719,0.05543011570627865,117586.32257080078,129663.67338409391
292,2025-11-05 19:20:00+00:00,270.70001220703125,270.7699890136719,270.3299865722656,270.75,267871,270.25270385742186,270.2708572387695,269.92366088867186,270.3811242061381,270.24212316991935,270.0365920916817,62.05656218317366,0.1348565461220801,0.0929133988897636,0.041943147232316486,0.41950106560658723,270.78880551132386,270.2708572387695,269.75290896621516,0.3826732539326395,-7579568.0,173548.4,269.75945461558183,270.59999593098956,270.8700052897135,270.43000284830725,-0.018462712084488242,117863.8939819336,133777.38106842007
293,2025-11-05 19:25:00+00:00,270.42999267578125,270.75,270.3399963378906,270.6706848144531,165257,270.31040344238284,270.2628570556641,269.9514605712891,270.39089790006676,270.2592022159068,270.05201956556795,55.03288653549059,0.13259432775959112,0.1008495846637291,0.03174474309586202,0.41882267964250064,270.7655590208466,270.2628570556641,269.7601550904816,0.3717797424823256,-7744825.0,176440.25,269.76045012865956,270.5066630045573,270.673329671224,270.2633260091146,-0.09974862174867427,67755.97518920898,135446.42048950162
294,2025-11-05 19:30:00+00:00,270.8599853515625,271.5,270.4100036621094,270.4100036621094,472683,270.3848022460937,270.28185577392577,269.9874603271484,270.4847153903659,270.31381886460275,270.08370449835206,62.34227970111989,0.16361229801930222,0.11340212733484373,0.05021017068445849,0.46676365523165236,270.8414509267603,270.28185577392577,269.72226062109127,0.4131988356332353,-7272142.0,194275.1,269.7650995880983,270.92332967122394,271.4366556803385,270.3466593424479,0.15900332338387724,515222.7389831543,160395.57048797575
295,2025-11-05 19:35:00+00:00,271.0299072265625,271.0899963378906,270.8099975585937,270.8699035644531,167324,270.4667938232422,270.3063507080078,270.0278564453125,270.5937537576052,270.3789178065991,270.12081048769363,64.77876507473201,0.1996046203251467,0.13064262593290432,0.06896199439224238,0.4534233069506009,270.946143137171,270.3063507080078,269.6665582788446,0.4721194319181795,-7104818.0,198928.7,269.76699000007096,270.9766337076823,271.1432698567709,270.863271077474,0.06273421110152277,46850.51574707982,162075.40714569108
296,2025-11-05 19:40:00+00:00,270.0950012207031,271.0216979980469,270.0799865722656,271.010009765625,284074,270.45079345703124,270.2941009521484,270.04715637207033,270.4940032502248,270.35310720788124,270.11979835957635,46.826931162720854,0.15094964023609236,0.13470402879354193,0.016245611442550434,0.4888874031896205,270.9401980360701,270.2941009521484,269.64800386822674,0.4784220966708985,-7388892.0,208556.9,269.76782022028607,270.3988952636719,270.7178039550781,269.7760925292969,-0.3449456982169363,267515.7315673828,173895.40084686296
297,2025-11-05 19:45:00+00:00,270.0943908691406,270.19000244140625,269.9800109863281,270.0799865722656,170138,270.45323181152344,270.2845657348633,270.0622442626953,270.41408077400797,270.329587540723,270.1188019874024,46.81780928933812,0.11106072875691098,0.12997536878621574,-0.018914640029304763,0.4689662640387994,270.9365153979081,270.2845657348633,269.63261607181846,0.48275690653694314,-7559030.0,213201.0,269.7683145238423,270.088134765625,270.1962585449219,269.98626708984375,-0.00022597662294732146,35727.52618408203,175001.9441604616
298,2025-11-05 19:50:00+00:00,270.0150146484375,270.1899108886719,269.9700012207031,270.07000732421875,163603,270.4614318847656,270.26631622314454,270.0761767578125,270.3342675488939,270.3009900050607,270.1147318956783,45.57442721543383,0.07221107704327778,0.11842251043762815,-0.04621143339435037,0.451176507176653,270.92693412771865,270.26631622314454,269.60569831857043,0.48931938502326755,-7722633.0,217437.45,269.76867306931797,270.0583089192708,270.1466166178385,269.92670694986975,-0.02938832622465526,35977.881408691406,175775.5580703737
299,2025-11-05 19:55:00+00:00,269.6664123535156,270.10040283203125,269.6400146484375,270.0350036621094,176216,270.424072265625,270.24463653564453,270.0895050048828,270.2006965098182,270.24330112764756,270.0971507371621,40.488712565294485,0.01314166739302891,0.0973663418287083,-0.0842246744356794,0.4518344840635885,270.952436719203,270.24463653564453,269.5368363520861,0.5249450069670272,-7898849.0,218237.75,269.7685132392577,269.8022766113281,269.96453857421875,269.504150390625,-0.12910478158992822,81127.76416015625,175440.44780426042
300,2025-11-05 20:00:00+00:00,269.79998779296875,270.0,269.6400146484375,269.6400146484375,172983,270.3440704345703,270.231135559082,270.10353698730466,270.1205547664483,270.202999915404,270.0854972883702,43.108460514810794,-0.022631956591851576,0.07336668214459632,-0.0959986387364479,0.4452738317420822,270.9616801661979,270.231135559082,269.50059095196616,0.5415453225864812,-7725866.0,218772.1,269.7685614564012,269.81333414713544,269.98665364583337,269.62666829427087,0.04953358421144749,62271.34606933594,176484.70148468035
301,2025-11-05 20:05:00+00:00,269.8200988769531,269.9100036621094,269.5899963378906,269.79998779296875,127189,270.25108032226564,270.2161407470703,270.1125207519531,270.0604635885493,270.1681907300903,270.0750895075303,43.51165314019978,-0.04879750764001756,0.04893384418767355,-0.0977313518276911,0.4363262240618441,270.96721719899404,270.2161407470703,269.4650642951466,0.556723872721015,-7598677.0,219298.55,269.7686194422201,269.7733662923177,269.95673624674475,269.636728922526,0.007454071495294201,40701.411560058594,177644.85766448991
302,2025-11-05 20:10:00+00:00,269.67498779296875,270.0,269.6300048828125,269.8349914550781,130535,270.14857788085936,270.2006408691406,270.12432067871094,269.9833684294332,270.1233540994429,270.0593992442142,41.24053872435407,-0.08031729926182152,0.02308361549777453,-0.10340091475959605,0.4315882878565338,270.9823298049735,270.2006408691406,269.4189519333077,0.5797266867278111,-7729212.0,220279.9,269.7685114486219,269.76833089192706,269.90665690104163,269.53666178385413,-0.05378068001173908,48297.31262207031,178507.01806488054
303,2025-11-05 20:15:00+00:00,269.8299865722656,269.8800048828125,269.5299987792969,269.67498779296875,136618,270.0885772705078,270.1994903564453,270.1366204833984,269.9526920579997,270.09668432424496,270.0504026688437,44.56867474076019,-0.09173242085336142,0.00012040822754734101,-0.09185282908090876,0.42576098897504033,270.98328748777897,270.1994903564453,269.4156932251117,0.5809562838366941,-7592594.0,221909.55,269.7685855679993,269.7466634114583,269.96332804361975,269.61332194010413,0.05747614213886809,47817.133850097656,179493.43567047134
304,2025-11-05 20:20:00+00:00,269.84619140625,269.95001220703125,269.7300109863281,269.81500244140625,144396,269.98719787597656,270.18600006103514,270.1495440673828,269.93139192764977,270.0739122407909,270.0423943840361,44.91992670596085,-0.09833781516306317,-0.019571236450574764,-0.0787665787124884,0.4110638626699035,270.9842354917637,270.18600006103514,269.3877646303066,0.5916225287958989,-7448198.0,223154.45,269.768684337056,269.8420715332031,269.9541320800781,269.734130859375,0.006005571949296851,31767.296264648438,178871.11665802018
305,2025-11-05 20:25:00+00:00,269.6000061035156,269.8900146484375,269.6000061035156,269.8599853515625,136987,269.8442077636719,270.155500793457,270.157744140625,269.86511476282294,270.03082986467496,270.02504582401565,40.70039421107796,-0.12203103639120627,-0.04006319643870107,-0.0819678399525052,0.40241705425933005,270.9933681145925,270.155500793457,269.3176334723215,0.621563280539232,-7585185.0,223700.75,269.76848092078063,269.69667561848956,269.7933451334635,269.50333658854163,-0.09123171294411758,39727.40054321289,179155.5400787355
306,2025-11-05 20:30:00+00:00,269.2099914550781,269.6400146484375,269.1300048828125,269.6099853515625,225441,269.7557067871094,270.10325012207034,270.14534423828127,269.734090101274,269.95620819107523,269.9930829075867,35.07864367529189,-0.17031571402202417,-0.06611369995536569,-0.10420201406665848,0.41010224792830646,271.03487155061566,270.10325012207034,269.171628693525,0.6921150463323591,-7810626.0,229202.6,269.76737471957904,269.32667032877606,269.5233357747396,269.0133260091146,-0.1446641838308227,114977.11157226562,183172.17344665545
307,2025-11-05 20:35:00+00:00,269.2900085449219,269.3599853515625,269.20001220703125,269.20001220703125,234974,269.6752685546875,270.06425018310546,270.12534423828123,269.64527379000356,269.8956445868795,269.96551136395277,37.00125445452545,-0.19982154016662435,-0.09285526799761742,-0.10696627216900692,0.39223588339994525,271.0611884264925,270.06425018310546,269.0673119397184,0.7404197792364285,-7575652.0,237187.65,269.7663912475066,269.28333536783856,269.36665852864587,269.2066853841146,0.029722927225428464,37589.52966308594,183960.27412719742
308,2025-11-05 20:40:00+00:00,269.2200012207031,269.3699951171875,269.0311889648437,269.2799987792969,236114,269.59576721191405,270.02859954833986,270.1019982910156,269.56021927614347,269.8342224626816,269.9362756720606,35.99683860121659,-0.22624610172573512,-0.11953343474324096,-0.10671266698249415,0.3884194740387925,271.0906299907306,270.02859954833986,268.96656910594913,0.788968455222673,-7811766.0,244311.55,269.7652624476787,269.2070617675781,269.38293457031256,269.04412841796875,-0.025997000258948244,79996.8758545056,187164.72056274497
309,2025-11-05 20:45:00+00:00,269.1300048828125,269.3599853515625,268.9949951171875,269.2200012207031,275950,269.54212646484376,269.98309936523435,270.0769982910156,269.47417639747727,269.77020268269354,269.90465720973714,34.693054469538026,-0.2515499976880733,-0.14593674733220743,-0.10561325035586586,0.38674595691995023,271.11495449534436,269.98309936523435,268.85124423512434,0.8411214725781735,-8087716.0,252598.25,269.7637323281904,269.1616617838542,269.32832845052087,268.96333821614587,-0.0334285482068819,100719.05517578125,190602.4942321789
310,2025-11-05 20:50:00+00:00,270.07000732421875,270.1199951171875,269.0599975585937,269.1400146484375,761716,269.5691284179687,269.9565994262695,270.07169860839844,269.5933425828256,269.79745765010495,269.9111415279521,53.59773483981479,-0.19352237102003755,-0.15545387206977346,-0.038068498950264096,0.4348353570395114,271.0537242425037,269.9565994262695,268.85947461003536,0.8124743855152043,-7326000.0,232949.9,269.7657552159065,269.75,270.4400024414063,269.3800048828125,0.34927448606689726,807417.1003418402,134845.4961654696
311,2025-11-05 20:55:00+00:00,270.1099853515625,270.3999938964844,269.9200134277344,270.0400085449219,1833709,269.5981170654297,269.92459869384766,270.06669860839844,269.69667113657295,269.8258692593284,269.91893932495645,54.20489889342813,-0.1426646172211008,-0.15289602110003891,0.010231403878938117,0.43806000787597493,270.96305679564193,269.92459869384766,268.8861405920534,0.7689150035994916,-5492291.0,314188.9,269.77114281775613,270.14333089192706,270.36664835611975,269.88666788736975,0.014802838619454306,880144.5053710938,172973.40530548425
312,2025-11-06 14:30:00+00:00,268.75,268.92999267578125,267.8900146484375,267.8900146484375,1391977,269.5056182861328,269.8270980834961,270.0378985595703,269.50733690925836,269.7280629630258,269.87309856711505,36.64070439340265,-0.20968185106772808,-0.16425318709357675,-0.04542866397415132,0.5653393432509053,270.9207401401716,269.8270980834961,268.7334560268206,0.81387315845618,-6884268.0,370394.2,269.75915319966236,268.52333577473956,269.15665690104163,268.1166788736979,-0.5034931788221009,1447625.494567871,239461.48533478114
313,2025-11-06 14:35:00+00:00,268.92999267578125,269.5,268.5199890136719,268.7799987792969,551605,269.4156188964844,269.7520980834961,270.01668029785156,269.39186806256293,269.6555111187309,269.83611402235687,39.43773423394824,-0.24544030400699057,-0.18049061047625953,-0.06494969353073105,0.5949587463278495,270.87540400476934,269.7520980834961,268.62879216222285,0.8353890989224745,-6332663.0,389711.6,269.75531314317516,268.9833272298177,269.4466654459635,268.4666544596354,0.06697401889534937,540578.9601135254,263102.63458099694
314,2025-11-06 14:40:00+00:00,268.7300109863281,269.0599975585937,267.9599914550781,268.9276123046875,374960,269.3040008544922,269.6455993652344,269.9968005371094,269.259496647316,269.5713747430579,269.7927374327087,37.45910578869391,-0.28661210072198173,-0.20171490852540397,-0.08489719219657776,0.6310335575555437,270.73183039585945,269.6455993652344,268.5593683346093,0.8084181045788258,-6707623.0,384825.45,269.7520954655145,268.5833333333333,269.2066752115885,268.10666910807294,-0.07436198821237916,412458.28857419745,257964.4120605491
315,2025-11-06 14:45:00+00:00,269.0450134277344,269.5,268.739990234375,268.75,446578,269.2485015869141,269.54635467529295,269.9865008544922,269.21660000339966,269.5235237143921,269.76341492270967,42.36425865146746,-0.2904745717600008,-0.21946684117232335,-0.07100773058767745,0.6409589472781388,270.4570570749338,269.54635467529295,268.6356522756521,0.6769888711469982,-6261045.0,398788.15,269.7494624548271,269.0950012207031,269.45001220703125,268.69000244140625,0.1172189292331316,339403.64111328125,272592.06832885917
316,2025-11-06 14:50:00+00:00,268.95001220703125,269.1099853515625,268.3399963378906,269.0299987792969,327123,269.2225036621094,269.4891052246094,269.9713452148437,269.16328244412597,269.47138630463206,269.7315167769968,41.311900466580674,-0.2977689177090497,-0.23512725647966862,-0.06264166122938106,0.6501753805919772,270.3986057049495,269.4891052246094,268.57960474426926,0.6763342175571291,-6588168.0,400940.6,269.74728772654584,268.7999979654948,269.259999593099,268.4900105794271,-0.03531053019447672,251881.11611938477,271810.3375564593
317,2025-11-06 14:55:00+00:00,269.9410095214844,270.010009765625,268.9150085449219,268.92999267578125,501497,269.2876037597656,269.48143615722654,269.9764154052734,269.31882785959766,269.5140793243459,269.7397321787414,54.1160962834514,-0.22103656631429658,-0.23230911844659421,0.011272552132297636,0.6819486548856306,270.3727976000796,269.48143615722654,268.5900747143735,0.6604120244146238,-6086671.0,417508.55,269.74809225594225,269.62200927734375,270.3290100097656,269.2340087890625,0.36846896057780576,549139.8271789551,297480.9526062029
318,2025-11-06 15:00:00+00:00,269.5799865722656,269.9800109863281,269.4403991699219,269.94000244140625,381438,269.3236022949219,269.45968475341795,269.97191528320315,269.37105960213125,269.5200708923386,269.7334676451541,49.84924178454897,-0.18719924346333983,-0.22328714344994333,0.0360878999866035,0.6717817378513892,270.31854094811746,269.45968475341795,268.60082855871843,0.6371809759470267,-6468109.0,428400.3,269.7475629195296,269.6667989095052,269.8931986490885,269.35358683268225,-0.13374142367575947,205828.4520263672,305973.48113708675
319,2025-11-06 15:05:00+00:00,269.3999938964844,270.08990478515625,269.1499938964844,269.5799865722656,387313,269.35060119628906,269.4463638305664,269.96051513671875,269.3768464610019,269.5091548018064,269.7203902432455,47.824648167043655,-0.17291358581098848,-0.21321243192215236,0.04029884611116388,0.6909338200528524,270.3002312176704,269.4463638305664,268.5924964434624,0.633903048588856,-6855422.0,438955.15,269.74645516844083,269.546630859375,269.9432678222656,269.00335693359375,-0.06676781836436607,364039.7060241699,320119.0782302874
320,2025-11-06 15:10:00+00:00,269.9049987792969,269.92999267578125,269.0914001464844,269.42999267578125,291311,269.3341003417969,269.4516143798828,269.9534149169922,269.4824769246609,269.5451406179419,269.7276297936789,53.527601541522806,-0.119465303997913,-0.19446300633730448,0.07499770233939149,0.7014808707131398,270.31534956126006,269.4516143798828,268.58787919850556,0.6400290363525524,-6564111.0,444871.55,269.7468343130212,269.6421305338542,270.192860921224,269.3542683919271,0.18745541731770565,244291.22830200195,329220.0723419207
321,2025-11-06 15:15:00+00:00,271.6099853515625,271.6099853515625,269.7200012207031,269.8900146484375,605136,269.4841003417969,269.5411087036133,269.97490234375,269.9079786100412,269.7328537755438,269.8014476586939,66.74403030605322,0.05978188328992928,-0.14361402841185772,0.203395911701787,0.7863739607235852,270.8133344748275,269.5411087036133,268.2688829323991,0.9368033870827575,-5958975.0,468768.9,269.7560440703804,270.97999064127606,272.239980061849,270.3499959309896,0.6316987754864778,1143697.4370117188,384369.8736145037
322,2025-11-06 15:20:00+00:00,272.2699890136719,272.3861999511719,271.32879638671875,271.6400146484375,822601,269.8360992431641,269.6708587646484,270.00640197753904,270.3803806907673,269.96350243355545,269.8982532020264,70.26887829594911,0.25218630354652305,-0.06445396202018155,0.3166402655667046,0.805733218132838,271.4135552175317,269.6708587646484,267.9281623117651,1.2801237912385561,-5136374.0,503372.2,269.7728237495816,271.9949951171875,272.66119384765625,271.6037902832031,0.24299683285027296,869821.2295227051,425446.0694595355
323,2025-11-06 15:25:00+00:00,272.82000732421875,272.82000732421875,272.0400085449219,272.2699890136719,680648,270.2251007080078,269.8203598022461,270.05100219726563,270.8683060174576,270.223184696343,270.01283179505356,72.8513441884734,0.4439326940071737,0.03722336918528951,0.4067093248218842,0.8038950439302692,272.03980831123846,269.8203598022461,267.6009112932538,1.6270423351721086,-4455726.0,530573.7,269.78956037578206,272.5600077311198,273.08000691731775,272.30000813802087,0.20201209561854228,530904.6091308594,449600.44322357356
324,2025-11-06 15:30:00+00:00,272.9100036621094,273.0599975585937,272.4599914550781,272.8280029296875,565900,270.6430999755859,269.9735504150391,270.09960205078124,271.27664554638795,270.46744096595813,270.12644637807534,73.2606115793324,0.5962814805074004,0.14903499144971172,0.44724648905768866,0.789331548186362,272.5699187653405,269.9735504150391,267.37718206473767,1.9027286031742456,-3889826.0,551648.9,269.8037452016276,272.80999755859375,273.1600036621094,272.5599975585938,0.03298744061086545,339543.45397946,464989.25110931415
325,2025-11-06 15:35:00+00:00,272.239990234375,272.9136047363281,271.67999267578125,272.8900146484375,551317,270.96259765625,270.10554962158204,270.1336016845703,271.4693144839854,270.62858180854147,270.2093304508714,65.36075472644664,0.6553994702196064,0.2503078872036907,0.40509158301591575,0.8210658704978272,272.8751843030451,270.10554962158204,267.335914940119,2.0347008380940985,-4441143.0,572365.4,269.81448685881537,272.2778625488281,272.875732421875,271.6421203613281,-0.2455070971176032,680111.3003845215,497008.4461013796
326,2025-11-06 15:40:00+00:00,272.32000732421875,272.44000244140625,271.55010986328125,272.2298889160156,482037,271.2995971679687,270.26105041503905,270.1732019042969,271.6394530520321,270.7823477645121,270.29210209296343,65.83458124098665,0.7006311733694588,0.3403725444368443,0.3602586289326145,0.8259820638997681,273.1583791811968,270.26105041503905,267.3637216488813,2.1278853468215617,-3959106.0,585195.2,269.82410865739257,272.10337320963544,272.6566365559896,271.7667439778646,0.029392114573201233,428961.1486816406,512707.6479568483
327,2025-11-06 15:45:00+00:00,273.1700134277344,273.17999267578125,272.3100891113281,272.32000732421875,879596,271.62249755859375,270.4550506591797,270.2309002685547,271.94556512717253,270.9994082793505,270.40496136099364,70.45755427328214,0.7958914712930323,0.43147632980808187,0.3644151414849504,0.8291193139392936,273.577197084224,270.4550506591797,267.33290423413536,2.2858632145363695,-3079510.0,617426.3,269.8473918248604,272.88669840494794,273.46330769856775,272.5934041341146,0.31213501786655495,765163.6956787109,549086.3562576296
328,2025-11-06 15:50:00+00:00,272.8900146484375,273.3999938964844,272.8500061035156,273.1499938964844,558168,271.95350036621096,270.63855133056643,270.2811004638672,272.13445503142555,271.17128158563116,270.50241443108945,67.23040455951337,0.8391195346078462,0.5130049707680348,0.3261145638398114,0.8091813481556834,273.87797239248994,270.63855133056643,267.3991302686429,2.3741587365128285,-3637678.0,633529.0,269.8607683944782,273.0466715494792,273.24333699544275,272.693349202474,-0.10249982265017055,306985.58642578125,560435.7917861934
329,2025-11-06 15:55:00+00:00,272.2799987792969,272.8598937988281,272.1600036621094,272.8500061035156,465285,272.2415008544922,270.7960510253906,270.3247003173828,272.1635637809998,271.2720740577826,270.5721236212152,60.70665159361924,0.8147628250272305,0.5733565416198739,0.2414062834073566,0.8035263223108579,274.0330792411135,270.7960510253906,267.55902280966774,2.377720163240296,-4102963.0,642995.75,269.86960202613915,272.4332987467448,272.70659383138025,272.0067036946615,-0.22353909501837688,325648.3822631836,571682.2581405635
330,2025-11-06 16:00:00+00:00,272.07000732421875,272.6593017578125,271.9501037597656,272.2850036621094,368769,272.4580017089844,270.89605102539065,270.3647003173828,272.1448524896436,271.34461344564045,270.6308641585879,58.598679836444276,0.7696434313606346,0.612613919568026,0.1570295117926086,0.7967885848634305,274.16063625301496,270.89605102539065,267.63146579776634,2.399812650965226,-4471732.0,623348.4,269.8759516070812,272.2264709472656,272.5028381347656,271.79364013671875,-0.07712334950035205,261530.23654174805,544387.9149505588
331,2025-11-06 16:05:00+00:00,272.0199890136719,272.1499938964844,271.6700134277344,272.0899963378906,242815,272.49900207519534,270.9915512084961,270.4027001953125,272.1198797944493,271.4060112245524,270.685339643101,58.08133847231009,0.7215325490840883,0.6343976454712384,0.08713490361284981,0.7741594337124712,274.27028618408235,270.9915512084961,267.71281623290986,2.4106573840214773,-4714547.0,543803.7,269.8800176452482,271.94666544596356,272.22331746419275,271.74333699544275,-0.018384352997524722,116546.45751953125,506208.0125579807
332,2025-11-06 16:10:00+00:00,272.389892578125,272.389892578125,271.8299865722656,272.0,265604,272.5109924316406,271.17354583740234,270.45079833984374,272.17388235118443,271.4954549839681,270.7521848562392,60.83512515900813,0.7051242213983642,0.6485429606566636,0.056581260741700556,0.75885561743725,274.3364205129947,271.17354583740234,268.01067116180997,2.3223142721312415,-4448943.0,487485.05,269.8852134197473,272.20325724283856,272.5765279134115,272.0166219075521,0.13598396419114422,148713.27478027344,441262.4015686009
333,2025-11-06 16:15:00+00:00,271.75,272.63360595703125,271.6300048828125,272.3800048828125,414682,272.40399169921875,271.3145462036133,270.4887384033203,272.08910588094756,271.518595439971,270.79131486187686,54.20168362233064,0.6331875285588353,0.645471874237098,-0.012284345678262643,0.7763374357787857,274.31187927200193,271.3145462036133,268.3172131352247,2.2059489003780146,-4863625.0,480638.9,269.8912210960012,272.00453694661456,272.37906901041663,271.3754679361979,-0.23491788629472765,416175.3006591797,435042.2185958835
334,2025-11-06 16:20:00+00:00,272.20001220703125,272.3500061035156,271.6445007324219,271.7699890136719,317361,272.33299255371094,271.48804626464846,270.53041870117187,272.1112871461643,271.58054241879466,270.84655789502017,57.69529858655167,0.6055094691621434,0.637479393222107,-0.03196992405996357,0.7712780025869973,274.2601288732444,271.48804626464846,268.7159636560525,2.0367982985155395,-4546264.0,477758.95,269.8968995607928,272.06483968098956,272.48517862955725,271.7796732584635,0.165597868272771,223899.8900756836,425614.2986709579
335,2025-11-06 16:25:00+00:00,272.1814880371094,272.5,272.0801086425781,272.19000244140625,468538,272.3271423339844,271.6448699951172,270.5698486328125,272.1253273243533,271.63517383864144,270.8989080966707,57.50085261256718,0.5754462755195391,0.6250727696815934,-0.049626494162054335,0.7461789565037743,274.1921347377695,271.6448699951172,269.09760525246486,1.87173989019049,-5014802.0,478856.95,269.9051651046152,272.2538655598958,272.4276224772135,272.00773111979163,-0.006805352347960536,196735.05682373047,418480.8694564804
336,2025-11-06 16:30:00+00:00,271.9800109863281,272.2200012207031,271.6600036621094,272.17999267578125,312356,272.2931427001953,271.796369934082,270.60434875488284,272.0962640567483,271.6665226702493,270.941304288422,55.317167677475986,0.529262455645835,0.6059107068744417,-0.07664825122860675,0.7328802852244868,274.02499303822634,271.796369934082,269.5677468299377,1.6388138937580683,-5327158.0,478118.6,269.9101574898668,271.9533386230469,272.2466735839844,271.6866760253906,-0.07402305433563683,174918.59741210938,414632.74352111656
337,2025-11-06 16:35:00+00:00,271.7550048828125,272.07000732421875,271.6400146484375,271.96099853515625,298915,272.1516418457031,271.88706970214844,270.6380487060547,272.02801222196115,271.67456650775506,270.973214115653,52.90096859676731,0.46909786537156606,0.5785481385738666,-0.1094502732023005,0.7112454559785413,273.94758539244026,271.88706970214844,269.8265540118566,1.5164509600699851,-5626073.0,467989.5,269.9143956922476,271.82167561848956,272.00333658854163,271.5733439127604,-0.0827289118415897,128531.26068115234,393602.31519622647
338,2025-11-06 16:40:00+00:00,271.2426147460937,271.7799987792969,270.9200134277344,271.7522888183594,397468,271.9869018554688,271.97020111083987,270.66424072265625,271.87093272678766,271.63529816578585,270.9837788462585,47.78257717580218,0.37574009438850453,0.5379865297367942,-0.16224643534828964,0.7218697342345383,273.76926184074114,271.97020111083987,270.1711403809386,1.3265325078696397,-6023541.0,468791.0,269.918440713165,271.314208984375,271.7084045410156,270.8484191894531,-0.1885485556888833,341816.65771484375,400401.72548065026
339,2025-11-06 16:45:00+00:00,270.6600036621094,271.2394104003906,270.6099853515625,271.2300109863281,290085,271.82490234375,272.03320159912107,270.676640625,271.628746913852,271.546635029088,270.9710817802134,42.721124178648694,0.25183850535870533,0.4807569248611764,-0.22891841950247105,0.7154954242557279,273.5308242852078,272.03320159912107,270.5355789130343,1.1066449906328735,-6313626.0,463929.6,269.9200853043993,270.8364664713542,271.06294759114587,270.43352254231775,-0.2147933445228345,182586.76528930664,391329.0784439071
340,2025-11-06 16:50:00+00:00,271.0400085449219,271.20001220703125,270.6000061035156,270.6700134277344,238793,271.72190246582034,272.08995208740237,270.6854406738281,271.510999240066,271.500578075982,270.97378479059415,46.68780553963344,0.18220843616819593,0.4210472271225803,-0.23883879095438437,0.7072461870600062,273.3234139953022,272.08995208740237,270.85649017950254,0.9101696199920171,-6074833.0,461303.7,269.9221261135756,270.94667561848956,271.2933451334635,270.6933390299479,0.14039934887715155,143277.25747680664,386278.37990264734
341,2025-11-06 16:55:00+00:00,270.5799865722656,271.07000732421875,270.5400085449219,271.0400085449219,343223,271.57790222167966,272.0384521484375,270.6820404052734,271.32479670650594,271.4168879392805,270.9583417232087,42.82172358751164,0.08888160424100988,0.35461410254626624,-0.26573249830525636,0.6945856579340682,273.42436154710015,272.0384521484375,270.65254274977485,1.024399044600073,-6418056.0,448208.05,269.9238446814862,270.73000081380206,270.91999308268225,270.3899943033854,-0.16972474843321983,181907.77102661133,338188.896603392
342,2025-11-06 17:00:00+00:00,271.0799865722656,271.1600036621094,270.42999267578125,270.6000061035156,244645,271.44691162109376,271.9789520263672,270.6896398925781,271.27583467965786,271.38626054227916,270.96311210944623,47.8741166915713,0.05463543558875017,0.294618369154763,-0.23998293356601286,0.6971160385336438,273.4210314941056,271.9789520263672,270.53687255862883,1.0639512610083044,-6173411.0,419310.25,269.9259934819268,270.88999430338544,271.3499959309896,270.6199849446615,0.1847882418555935,178593.53775024414,303627.5120147689
343,2025-11-06 17:05:00+00:00,271.29998779296875,271.3500061035156,270.8599853515625,271.0599975585937,206166,271.40191040039065,271.9029510498047,270.70703979492185,271.28066530232,271.3784175650691,270.97632292056477,49.968931436509465,0.04473172065416975,0.24464103945464438,-0.19990931880047463,0.6823235180636067,273.31971224380305,271.9029510498047,270.48618985580634,1.0444240750054856,-5967245.0,395586.15,269.928142157732,271.1699930826823,271.4800008138021,270.989980061849,0.08115730839630686,101025.61834716797,282133.56247558433
344,2025-11-06 17:10:00+00:00,270.7250061035156,271.3999938964844,270.7099914550781,271.2900085449219,275226,271.25440979003906,271.793701171875,270.70434020996095,271.1695334625591,271.3190165231097,270.96646735911185,44.891228467359646,-0.009404848560393475,0.1938318618516368,-0.20323671041203029,0.6828720125880813,273.2199374790968,271.793701171875,270.3674648646532,1.0536420907320776,-6242471.0,381052.45,269.9298022676294,270.9449971516927,271.18000284830725,270.490000406901,-0.2119357594265403,189906.61193847656,274651.7203735352
345,2025-11-06 17:15:00+00:00,270.7799987792969,270.8099975585937,270.3900146484375,270.739990234375,182679,271.1142608642578,271.72070159912107,270.6993420410156,271.0916265259067,271.27001491003585,270.95915486578576,45.462051577235194,-0.04732548165975459,0.14560039314935852,-0.1929258748091131,0.6640942195572321,273.19668194324896,271.72070159912107,270.2447212549932,1.0901694000899302,-6059792.0,362620.55,269.93097627555835,270.6600036621094,270.92999267578125,270.51000976562506,0.020313112768088892,76722.0580444232,244482.25825653024
346,2025-11-06 17:20:00+00:00,270.82000732421875,270.95001220703125,270.6415100097656,270.7784118652344,194068,270.9982604980469,271.6457015991211,270.7138421630859,271.0373026855691,271.22910512950705,270.9536980994498,45.901089389440564,-0.07330449282181917,0.10181941595512298,-0.17512390877694214,0.638694789393546,273.14451264164325,271.6457015991211,270.1468905565989,1.1068687703917128,-5865724.0,348222.1,269.93227853441743,270.80384318033856,270.9661763509115,270.65767415364587,0.014775295480551343,59870.40441894531,226027.72104339543
347,2025-11-06 17:25:00+00:00,271.42498779296875,271.45001220703125,270.56500244140625,270.7900085449219,214409,270.9652587890625,271.55845031738284,270.7404541015625,271.11483970704904,271.2469126443672,270.97218004821525,52.17108119109754,-0.044562489896691204,0.07254303478476014,-0.11710552468145134,0.6562887162672213,272.88548498276543,271.55845031738284,270.23141565200024,0.9778279267307569,-5651315.0,314962.75,269.934690340755,271.14666748046875,271.72833251953125,270.84332275390625,0.22338839538753597,189754.05883789062,197257.23920135447
348,2025-11-06 17:30:00+00:00,271.6300048828125,271.9200134277344,271.3304138183594,271.4200134277344,309554,271.0039978027344,271.4954498291016,270.77275390625,271.21787274220173,271.28173921149863,270.9979771005524,54.112015470239385,-0.005181352347904067,0.056998157358227296,-0.06217950970613136,0.6515252086320625,272.67509217093436,271.4954498291016,270.3158074872688,0.8685655639123624,-5341761.0,302532.05,269.9386358130563,271.62681070963544,271.9232076009115,271.3336079915365,0.07553360930796504,182512.91748046875,191033.60575408884
349,2025-11-06 17:35:00+00:00,272.0459899902344,272.20001220703125,271.6400146484375,271.6400146484375,239463,271.14259643554686,271.48374938964844,270.8203454589844,271.38349619180826,271.3512165550201,271.0390756452458,57.84962644406861,0.05891585917100883,0.0573816977207836,0.0015341614502252313,0.6457025026025401,272.6363655166969,271.48374938964844,270.33113326259996,0.8473685843263856,-5102298.0,291240.95,269.94242291568816,271.9620056152344,272.28399658203125,271.7239990234375,0.15314401941763922,134098.69537353516,181456.12140960642
350,2025-11-06 17:40:00+00:00,272.1083984375,272.25,271.94000244140625,272.04998779296875,172027,271.2494354248047,271.4856689453125,270.866513671875,271.5284766409466,271.42005127160917,271.08100987239305,58.39710727764441,0.11344151801552016,0.06859366177973092,0.04484785623578924,0.6217235780304836,272.6423049342545,271.4856689453125,270.3290329563705,0.8501288424639928,-4930271.0,281403.85,269.94521559436345,272.09946695963544,272.2589314778646,271.94893391927087,0.022940403300153456,53327.95001220703,171046.00708312937
351,2025-11-06 17:45:00+00:00,272.1400146484375,272.46978759765625,272.0600891113281,272.1099853515625,345303,271.4054382324219,271.4916702270508,270.9129119873047,271.6507842424448,271.48550248768447,271.1225394714536,58.689842827013514,0.15739036136722007,0.08635300169722875,0.07103735966999132,0.6065789286231722,272.66051445195166,271.4916702270508,270.32282600214995,0.859002103318629,-4584968.0,286528.25,269.9508811616884,272.2232971191406,272.3865051269531,271.976806640625,0.011618976525173963,141470.11642456055,172292.19002838084
352,2025-11-06 17:50:00+00:00,272.1199951171875,272.260009765625,271.9200134277344,272.1199951171875,273015,271.5094390869141,271.4781753540039,270.96181213378907,271.7446264173933,271.5431836358211,271.16165537912946,58.40958045657344,0.18843259384942712,0.10676892012766842,0.0816636737217587,0.5875373149994189,272.61090044460775,271.4781753540039,270.34545026340004,0.8325188232610777,-4857983.0,286898.8,269.9552992225175,272.1000061035156,272.2799987792969,271.94000244140625,-0.00735633503800015,92824.10018920898,169497.73129882762
353,2025-11-06 17:55:00+00:00,272.2749938964844,272.29998779296875,272.0400085449219,272.1304016113281,150001,271.6069396972656,271.5044250488281,271.0107122802734,271.85069991321154,271.6097118413359,271.20531571314336,60.00214697666295,0.22297062626398656,0.13000926135493204,0.09296136490905452,0.5641403102170943,272.684474274617,271.5044250488281,270.32437582303925,0.866806906430429,-4707982.0,273664.75,269.9578922197884,272.2049967447917,272.3699849446615,272.1100056966146,0.0569597170652969,38997.1471862793,150638.8236251826
354,2025-11-06 18:00:00+00:00,271.9599914550781,272.45001220703125,271.94000244140625,272.2749938964844,223448,271.7304382324219,271.49242401123047,271.05298828125,271.8725582215849,271.64155544258523,271.2349108402781,55.36244714906671,0.22236096258757243,0.14847960160146012,0.07388136098611231,0.5602738427462305,272.64857275894445,271.49242401123047,270.3362752635165,0.8502344345050147,-4931430.0,268969.1,269.96122047474296,272.1166687011719,272.2933349609375,271.7833251953125,-0.11569275492335773,113960.662109375,145141.86222686718
355,2025-11-06 18:05:00+00:00,271.4150085449219,271.9599914550781,271.3800048828125,271.9599914550781,243118,271.7939392089844,271.45410003662107,271.08928833007815,271.78104828625226,271.6209602700704,271.2419734953622,48.3907418463842,0.17587485761396238,0.15395865280396057,0.02191620481000181,0.5616818948547586,272.56632384652164,271.45410003662107,270.3418762267205,0.8195742865240158,-5174548.0,257698.1,269.96384522461136,271.5850016276042,271.78999837239587,271.21001180013025,-0.20039083956445713,141005.17547607422,142355.36815948435
356,2025-11-06 18:10:00+00:00,271.2200012207031,271.4599914550781,271.15008544921875,271.3999938964844,153179,271.8339385986328,271.41609954833984,271.1294885253906,271.6688388731424,271.58450944740065,271.2411118375324,46.151198616792044,0.12189370839365665,0.14754566392189977,-0.02565195552824312,0.5436979027836598,272.5055533750609,271.41609954833984,270.3266457216188,0.8033727762094763,-5327727.0,249739.25,269.96527253610856,271.2766927083333,271.4032999674479,271.0933939615885,-0.07184839381735308,47471.0920715332,135982.99289245554
357,2025-11-06 18:15:00+00:00,271.17999267578125,271.2298889160156,270.9200134277344,271.20001220703125,187080,271.80943908691404,271.3873489379883,271.1672882080078,271.57106963367016,271.5477351954352,271.23871500765983,45.684057221392834,0.07502011828830746,0.13304055479518131,-0.05802043650687386,0.5269963017477733,272.4698373564302,271.3873489379883,270.30486051954637,0.7983541910749536,-5514807.0,244147.5,269.9669558972132,271.10996500651044,271.2999165852865,270.99004109700525,-0.014751325397022175,57971.50634765625,132455.00517578074
358,2025-11-06 18:20:00+00:00,271.3299865722656,271.3900146484375,271.1300048828125,271.17999267578125,152252,271.77943725585936,271.3917175292969,271.20948791503906,271.52285302138927,271.52793986605616,271.2422942847032,47.81662596081052,0.04940619050893247,0.11631368193793154,-0.06690749142899907,0.5079258348818609,272.4725382029361,271.3917175292969,270.3108968556577,0.7966835419065229,-5362555.0,231886.7,269.9684914077626,271.28333536783856,271.4366658528646,271.1766560872396,0.05531156447213803,39587.0068359375,117343.52263183543
359,2025-11-06 18:25:00+00:00,271.3500061035156,271.5599975585937,271.29998779296875,271.3302001953125,173399,271.7098388671875,271.4262176513672,271.25388793945314,271.48828363781456,271.51176406946155,271.2465182775978,48.10946492779645,0.030372264507889213,0.09912539845192307,-0.06875313394403386,0.4902175442206525,272.45416669038,271.4262176513672,270.3982686123544,0.7576554382833988,-5189156.0,226052.4,269.97026163662827,271.40333048502606,271.50667317708337,271.2466634114584,0.007378296628002268,45085.433349599516,110468.45603485007
360,2025-11-06 18:30:00+00:00,271.1099853515625,271.5,271.0203857421875,271.3699951171875,163661,271.60999755859376,271.4297164916992,271.2746875,271.41262398056415,271.4752387314707,271.24116404520424,44.85913688807909,-0.004033432822609484,0.07849363219701656,-0.08252706501962605,0.48946016662007014,272.45284861321306,271.4297164916992,270.4065843701853,0.7547727319501853,-5352817.0,222295.8,269.97163836158285,271.2101236979167,271.39986165364587,270.92024739583337,-0.08845430129142962,78494.14904785156,107229.3006134023
361,2025-11-06 18:35:00+00:00,271.22900390625,271.31988525390625,271.0799865722656,271.1199951171875,114407,271.518896484375,271.46216735839846,271.29706787109376,271.3758999657013,271.4528537473597,271.24068717700993,46.77925600946958,-0.021449140809295386,0.05850507759575417,-0.07995421840504956,0.47163434626439543,272.4141316561661,271.46216735839846,270.51020306063083,0.7019634950963258,-5238410.0,210855.0,269.972699201817,271.2096252441406,271.3392639160156,271.099365234375,0.04390046885700549,27446.088470458984,99506.21648559469
362,2025-11-06 18:40:00+00:00,271.3949890136719,271.489990234375,271.2200012207031,271.2200012207031,120616,271.44639587402344,271.47791748046876,271.3499676513672,271.37971777529543,271.4475933170244,271.24673822942805,49.42431592217922,-0.021608514385661692,0.04248235919947099,-0.06409087358513268,0.4572311082220725,272.4143649772361,271.47791748046876,270.5414699837014,0.6900993273093797,-5117794.0,204653.55,269.97396318915133,271.3683268229167,271.51665242513025,271.24666341145837,0.0611974033128293,32564.994873046875,92204.78934173482
363,2025-11-06 18:45:00+00:00,271.7099914550781,271.7200012207031,271.2799987792969,271.4049987792969,159956,271.3898956298828,271.49841766357423,271.40556762695314,271.44577251125196,271.47144769321113,271.26490502259077,54.087816149921586,0.003641271037167826,0.03471414156701036,-0.031072870529842533,0.4560004891637995,272.4363370392929,271.49841766357423,270.5604982878556,0.6903826912627291,-4957838.0,202343.05,269.97600678724797,271.5699971516927,271.8599955240885,271.41999308268225,0.11606789150788721,70381.03051757812,90672.55995025534
364,2025-11-06 18:50:00+00:00,271.69000244140625,271.7763061523437,271.5884094238281,271.7099914550781,169454,271.36289672851564,271.5466674804687,271.4647674560547,271.49461849728283,271.4913163066834,271.28157550960316,53.74912506563615,0.021787805294479767,0.03212887431250424,-0.010341069018024472,0.4368502205460687,272.41735022021965,271.5466674804687,270.6759847407178,0.6409383723559674,-5127292.0,197054.45,269.9781415934037,271.6849060058594,271.7814025878906,271.59350585937506,-0.007356745905751083,31839.852233877085,82769.22196502537
365,2025-11-06 18:55:00+00:00,271.3953857421875,271.7250061035156,271.260009765625,271.7049865722656,137361,271.3609344482422,271.57743682861326,271.51177490234375,271.4747719462638,271.4825953462747,271.28603865597904,48.88982743894217,0.01225469452941752,0.028154038355886896,-0.015899343826469375,0.43886065749925124,272.3782629492592,271.57743682861326,270.77661070796734,0.5901545587858067,-5264653.0,194788.55,269.9795710361591,271.4601338704427,271.6602579752604,271.19526163736975,-0.10843855002808933,63872.36196899414,82126.73716125391
366,2025-11-06 19:00:00+00:00,271.55499267578125,271.6199951171875,271.3399963378906,271.4100036621094,138222,271.39443359375,271.6141860961914,271.5638745117187,271.4908160921673,271.4891769216844,271.2965858724419,51.450566606810796,0.017378255504127083,0.025998881785534934,-0.008620626281407851,0.4275133804847958,272.33618422496943,271.6141860961914,270.8921879674134,0.5317509515577418,-5126431.0,191996.25,269.98116835669794,271.50499471028644,271.66999308268225,271.3899943033854,0.058809744740973,38701.991271972656,81068.31650390528
367,2025-11-06 19:05:00+00:00,271.6419982910156,271.8699951171875,271.5465087890625,271.5465087890625,143510,271.4406341552734,271.6250366210937,271.5978942871094,271.52105253193696,271.5030697734418,271.310131457484,52.83774641306332,0.02813501753428227,0.026426108935284402,0.0017089085989978672,0.4200828767448104,272.34183915075755,271.6250366210937,270.9082340914299,0.5277553060082397,-4982921.0,188451.3,269.9829148562889,271.68616739908856,271.8258260091146,271.5023396809896,0.032039777423009674,46423.52294921875,73901.78970947169
368,2025-11-06 19:10:00+00:00,271.9418029785156,271.9800109863281,271.6499938964844,271.6499938964844,148887,271.50181579589844,271.64062652587893,271.6451306152344,271.6052026212527,271.5429546102667,271.3349028896813,57.35893342370182,0.06015809656037163,0.03317250646030185,0.026985590100069783,0.4142207209282168,272.3706244260085,271.64062652587893,270.9106286257494,0.536878032089255,-4834034.0,180417.95,269.9850496406986,271.8572692871094,272.0645446777344,271.7345275878906,0.11036757548028575,49135.254455566406,67232.90655822658
369,2025-11-06 19:15:00+00:00,271.6700134277344,271.9599914550781,271.6300048828125,271.95001220703125,171032,271.5338165283203,271.62182769775393,271.6905310058594,271.61816478254906,271.5545054118547,271.3480444794089,52.450048652115,0.06288062340951228,0.03911412985014394,0.023766493559368343,0.40820399602374596,272.32807989121466,271.62182769775393,270.9155755042932,0.5199338598690019,-5005066.0,176996.4,269.987156386848,271.7533365885417,271.87666829427087,271.54668172200525,-0.09994401294850519,56438.263427734375,63349.884960936535
370,2025-11-06 19:20:00+00:00,271.8500061035156,271.8900146484375,271.6499938964844,271.6499938964844,138743,271.6078186035156,271.60890808105466,271.72943115234375,271.66453304674235,271.5813691110966,271.3677292489817,55.18536995062959,0.07865545905553972,0.047022395691223094,0.03163306336431663,0.39619090716155875,272.2880158449105,271.60890808105466,270.92980031719884,0.49961945823700504,-4866323.0,175332.2,269.989043912635,271.7966715494792,271.943349202474,271.70332845052087,0.06625415647101285,33301.19918823242,62348.547419737806
371,2025-11-06 19:25:00+00:00,271.9901123046875,272.1600036621094,271.7745056152344,271.8599853515625,177637,271.6839294433594,271.6014129638672,271.7370336914062,271.7296488983314,271.61852758324125,271.3921364276368,57.24700605604581,0.10129486532116516,0.057876889617211505,0.04341797570395366,0.3954271314268046,272.2599045299663,271.6014129638672,270.94292139776803,0.4842025767182976,-4688686.0,166948.9,269.9916365173919,271.97487386067706,272.17524210611975,271.78974405924475,0.05153805334789929,68478.71655273438,58698.97742614649
372,2025-11-06 19:30:00+00:00,272.1099853515625,272.19000244140625,271.6499938964844,272.0050048828125,174727,271.75542907714845,271.6009124755859,271.73383361816406,271.8057161889776,271.66320556217954,271.42028736582995,58.98552037215462,0.12744045670086734,0.07178960303394268,0.05565085366692467,0.40575437524788105,272.2578400404247,271.6009124755859,270.94398491074713,0.4828397340803498,-4513959.0,162034.5,269.99433267541843,271.9833272298177,272.316660563151,271.77665201822913,0.04407257523417751,94354.07302856445,58775.476068114265
373,2025-11-06 19:35:00+00:00,271.7550048828125,272.20001220703125,271.7099914550781,272.1173095703125,141993,271.7599304199219,271.57491302490234,271.71253356933596,271.7955739277446,271.67155095496435,271.43341354296655,52.21427450054604,0.11815505122399372,0.08106269267195289,0.037092358552040836,0.4117734021553985,272.16033738485584,271.57491302490234,270.98948866494885,0.43084715970985854,-4655952.0,161634.1,269.99615189164734,271.8883361816406,272.0666809082031,271.57666015625,-0.13045477485560397,69579.51663208008,60304.59454040431
374,2025-11-06 19:40:00+00:00,270.9800109863281,271.7550048828125,270.7349853515625,271.739990234375,350590,271.6889312744141,271.52591400146486,271.67393371582034,271.6324613394613,271.60868368508835,271.41563305054933,41.11686383981315,0.04771078964967046,0.0743923120674964,-0.02668152241782594,0.45521955423358434,272.13766776863673,271.52591400146486,270.914160234293,0.4515120985826084,-5006542.0,167991.2,269.99865549059956,271.1566670735677,271.5783487955729,270.5583292643229,-0.2851810942059996,357608.6474609375,72486.99380798242
375,2025-11-06 19:45:00+00:00,271.1099853515625,271.1600036621094,270.9200134277344,270.989990234375,187627,271.66039123535154,271.5106628417969,271.6513336181641,271.52796614188156,271.56334747294966,271.4036468662753,43.293613519343474,0.0023440293505814225,0.0599826555241134,-0.05763862617353198,0.4398460313865426,272.14741365997946,271.5106628417969,270.8739120236143,0.46973616066325913,-4818915.0,165216.65,270.00016689127244,271.06333414713544,271.2066548665365,270.9666646321615,0.047964558256996526,45028.647705078125,67688.16741943262
376,2025-11-06 19:50:00+00:00,271.0,271.1400146484375,270.9100036621094,271.1099853515625,156270,271.6048919677734,271.4996627807617,271.6249334716797,271.4223729135052,271.51213406631786,271.3878175774018,41.88265707353902,-0.04200020154229378,0.03958608411083196,-0.08158628565312574,0.4248578138823699,272.16315812450193,271.4996627807617,270.83616743702146,0.4896644603248984,-4975185.0,165371.2,270.00129812610606,271.0166727701823,271.12334187825525,270.8933308919271,-0.04056853583606079,35943.816833496094,67111.80365753076
377,2025-11-06 19:55:00+00:00,271.235595703125,271.3999938964844,270.989990234375,270.989990234375,178611,271.5642517089844,271.50244293212893,271.5862451171875,271.3850174714292,271.4869942151185,271.381848092136,45.946446737760965,-0.05747023858469902,0.020174819571725764,-0.07764505815642478,0.4237968030414417,272.1610047312121,271.50244293212893,270.8438811330458,0.48560130714108746,-4796574.0,164947.75,270.0028922294227,271.2085266113281,271.42706298828125,271.0170593261719,0.0869356838099522,73231.16409301758,67874.78654479883
378,2025-11-06 20:00:00+00:00,271.2300109863281,271.3351135253906,271.04998779296875,271.2300109863281,160891,271.4930725097656,271.49744415283203,271.5530450439453,271.35401617440897,271.4636321034103,271.3758936958298,45.86457738824091,-0.06938121095686256,0.002263613466008098,-0.07164482442287065,0.4138917265686155,272.1626503508737,271.49744415283203,270.83223795479034,0.4905107628928412,-4957465.0,165379.7,270.00431817115094,271.2050374348958,271.3600870768229,271.074961344401,-0.002058991107856123,45874.16421508789,68189.14441375635
379,2025-11-06 20:05:00+00:00,271.4049987792969,271.4049987792969,271.17999267578125,271.24169921875,126751,271.46657104492186,271.5001937866211,271.5355450439453,271.3642126953865,271.45830180121817,271.377035071652,48.93490578050434,-0.06396336011749781,-0.010981781250693084,-0.05298157886680473,0.40039989635054474,272.16339110092525,271.5001937866211,270.8369964723169,0.4887141484401871,-4830714.0,163047.3,270.0055992520326,271.3299967447917,271.4800008138021,271.2549947102865,0.06451638309949992,28519.748626708984,67360.86017761182
380,2025-11-06 20:10:00+00:00,271.6285095214844,271.6700134277344,271.3800048828125,271.3900146484375,149117,271.4444213867188,271.5261199951172,271.52671508789064,271.4170720606061,271.4737752303333,271.3868968147827,52.63044592212479,-0.04115976124990084,-0.017017377250534635,-0.024142383999366204,0.3925147998199255,272.16641872656885,271.5261199951172,270.88582126366555,0.4714517872808241,-4681597.0,162320.1,270.00734363025094,271.55950927734375,271.739013671875,271.4490051269531,0.08235321500811299,43245.204193115234,65598.412934875
381,2025-11-06 20:15:00+00:00,271.19500732421875,271.643310546875,271.1415100097656,271.6300048828125,235959,271.3649108886719,271.5244201660156,271.51021545410157,271.3726591133286,271.4484326934138,271.37937173672134,45.71956428144781,-0.05740600851436284,-0.025095103503300277,-0.03231090501106256,0.400320923912029,272.1680368485405,271.5244201660156,270.8808034834907,0.4746523093291695,-4917556.0,168397.7,270.0093601895247,271.3266092936198,271.511708577474,271.0099080403646,-0.15959377682015496,118404.35293579102,70146.3261581416
382,2025-11-06 20:20:00+00:00,271.3337097167969,271.3450012207031,271.0899963378906,271.19500732421875,133819,271.2872833251953,271.5213562011719,271.489091796875,271.36486923402225,271.4380033319032,271.37758106927333,48.06919076428652,-0.05841577196588332,-0.031759237195816886,-0.026656534770066437,0.3899412066906341,272.1679847598458,271.5213562011719,270.874727642498,0.47662972606597653,-4783737.0,169057.85,270.0106342304171,271.25623575846356,271.4224751790365,271.167470296224,0.05114489162121316,34124.49841308594,70224.30133514355
383,2025-11-06 20:25:00+00:00,271.2099914550781,271.6010131835937,271.20001220703125,271.3299865722656,202580,271.2327819824219,271.49635620117186,271.47829162597657,271.33389367823344,271.41727497946454,271.3710089275402,46.15023925556961,-0.06841045341724339,-0.03908948044010219,-0.029320972977141202,0.39073119025290615,272.15049796116176,271.49635620117186,270.84221444118197,0.4823876557647004,-4986317.0,171189.05,270.01237834925706,271.3370056152344,271.4739990234375,271.07299804687506,-0.045596347703302786,81234.77783201974,70766.98870086564
384,2025-11-06 20:30:00+00:00,271.3399963378906,271.4209899902344,271.1300048828125,271.20001220703125,219680,271.26878051757814,271.4788558959961,271.4610913085937,271.3351142101649,271.4102496484124,271.3697927475539,48.47780565465382,-0.06509067810873148,-0.044289719973828044,-0.020800958134903437,0.38360647005068965,272.1300596332632,271.4788558959961,270.827652158729,0.4799909678307713,-4766637.0,173700.35,270.0144686572071,271.2969970703125,271.4639892578125,271.1730041503906,0.04793513768241997,63923.6083984375,72371.17650909365
385,2025-11-06 20:35:00+00:00,271.1700134277344,271.4599914550781,271.0799865722656,271.3299865722656,206787,271.2747833251953,271.46758728027345,271.44086181640625,271.3020940536788,271.3884099919871,271.3619582644237,45.696603834091675,-0.0753078307072883,-0.0504933421205201,-0.024814488586768206,0.3833492138193904,272.13184751645935,271.46758728027345,270.80332704408755,0.4899216014258293,-4973424.0,177171.65,270.0161787254946,271.2366638183594,271.3933410644531,271.0133361816406,-0.06264572582383998,78580.06970214844,73106.56189575137
386,2025-11-06 20:40:00+00:00,271.1000061035156,271.52020263671875,271.0899963378906,271.1700134277344,374929,271.2847839355469,271.44483795166013,271.42326171875,271.26167646364615,271.3621914566715,271.35168563066264,44.56268032840337,-0.08803914329956797,-0.05800250235632967,-0.030036640943238296,0.3866961484628715,272.1265026619763,271.44483795166013,270.76317324134396,0.5028880080923983,-5348353.0,189007.0,270.0190790651334,271.2367350260417,271.38347371419275,270.9532674153646,-0.02581676466870686,161296.81741333008,79236.30320281924
387,2025-11-06 20:45:00+00:00,270.7099914550781,271.1000061035156,270.4200134277344,271.0899963378906,270373,271.2322235107422,271.39823760986326,271.4023614501953,271.15133946193254,271.30290054743574,271.32652115318876,38.78809957510867,-0.12812280297458756,-0.07202656247998125,-0.056096240494606306,0.4076459004141842,272.14402970203065,271.39823760986326,270.65244551769587,0.5509897053734341,-5618726.0,195350.15,270.0204097914083,270.7433369954427,271.066660563151,270.38666788736975,-0.143863754945317,183851.6597290039,86107.7100418085
388,2025-11-06 20:50:00+00:00,270.0899963378906,271.239990234375,269.8299865722656,270.7099914550781,545902,271.11822204589845,271.305647277832,271.3793090820312,270.9390708371242,271.1926365283862,271.2780299839614,31.74562789175519,-0.20752559066687581,-0.09912636811736017,-0.10839922254951564,0.4792428833924121,272.20293226573295,271.305647277832,270.40836228993106,0.6644340775793974,-6164628.0,215200.9,270.0206793522385,270.38665771484375,270.9433288574219,269.5333251953125,-0.2290255759881621,769723.819152832,122137.13827667179
389,2025-11-06 20:55:00+00:00,269.6400146484375,270.1499938964844,269.5950012207031,270.1000061035156,2207862,270.9417236328125,271.2041473388672,271.3589093017578,270.67925959938685,271.05148908475445,271.21379408845064,27.800425348638875,-0.30326676319509716,-0.13995444713290756,-0.1633123160621896,0.48465358284875765,272.34090820731996,271.2041473388672,270.0673864704144,0.8431692676881817,-8372490.0,317042.4,270.0148074344795,269.7950032552083,269.9950052897135,269.44001261393225,-0.1666043524581995,1225347.2391357422,180582.58706207218
